[{"model": "admin.logentry", "pk": 1, "fields": {"action_time": "2022-11-05T22:23:40.297Z", "user": 1, "content_type": 12, "object_id": "1", "object_repr": "Quest", "action_flag": 2, "change_message": "[{\"changed\": {\"fields\": [\"Name\", \"Portifolio\"]}}]"}}, {"model": "admin.logentry", "pk": 2, "fields": {"action_time": "2022-11-05T23:37:29.734Z", "user": 1, "content_type": 12, "object_id": "1", "object_repr": "Quest", "action_flag": 2, "change_message": "[{\"changed\": {\"fields\": [\"Bio\"]}}]"}}, {"model": "admin.logentry", "pk": 3, "fields": {"action_time": "2022-11-06T02:09:07.764Z", "user": 1, "content_type": 13, "object_id": "1", "object_repr": "Django", "action_flag": 1, "change_message": "[{\"added\": {}}]"}}, {"model": "admin.logentry", "pk": 4, "fields": {"action_time": "2022-11-06T02:09:19.780Z", "user": 1, "content_type": 13, "object_id": "2", "object_repr": "Python", "action_flag": 1, "change_message": "[{\"added\": {}}]"}}, {"model": "admin.logentry", "pk": 5, "fields": {"action_time": "2022-11-06T02:09:36.403Z", "user": 1, "content_type": 13, "object_id": "3", "object_repr": "Automation", "action_flag": 1, "change_message": "[{\"added\": {}}]"}}, {"model": "admin.logentry", "pk": 6, "fields": {"action_time": "2022-11-06T02:10:09.804Z", "user": 1, "content_type": 13, "object_id": "4", "object_repr": "Javascript", "action_flag": 1, "change_message": "[{\"added\": {}}]"}}, {"model": "admin.logentry", "pk": 7, "fields": {"action_time": "2022-11-06T02:10:52.483Z", "user": 1, "content_type": 13, "object_id": "5", "object_repr": "Uncategorized", "action_flag": 1, "change_message": "[{\"added\": {}}]"}}, {"model": "admin.logentry", "pk": 8, "fields": {"action_time": "2022-11-06T02:11:23.064Z", "user": 1, "content_type": 13, "object_id": "6", "object_repr": "Python Bots", "action_flag": 1, "change_message": "[{\"added\": {}}]"}}, {"model": "admin.logentry", "pk": 9, "fields": {"action_time": "2022-11-06T02:12:39.499Z", "user": 1, "content_type": 13, "object_id": "7", "object_repr": "Web3", "action_flag": 1, "change_message": "[{\"added\": {}}]"}}, {"model": "admin.logentry", "pk": 10, "fields": {"action_time": "2022-11-06T02:14:37.359Z", "user": 1, "content_type": 13, "object_id": "8", "object_repr": "Postgresql", "action_flag": 1, "change_message": "[{\"added\": {}}]"}}, {"model": "admin.logentry", "pk": 11, "fields": {"action_time": "2022-11-06T02:14:50.437Z", "user": 1, "content_type": 13, "object_id": "9", "object_repr": "Database", "action_flag": 1, "change_message": "[{\"added\": {}}]"}}, {"model": "admin.logentry", "pk": 12, "fields": {"action_time": "2022-11-06T02:15:17.382Z", "user": 1, "content_type": 13, "object_id": "10", "object_repr": "Hosting", "action_flag": 1, "change_message": "[{\"added\": {}}]"}}, {"model": "admin.logentry", "pk": 13, "fields": {"action_time": "2022-11-06T02:23:23.267Z", "user": 1, "content_type": 13, "object_id": "11", "object_repr": "Web Dev", "action_flag": 1, "change_message": "[{\"added\": {}}]"}}, {"model": "admin.logentry", "pk": 14, "fields": {"action_time": "2022-11-06T11:54:59.428Z", "user": 1, "content_type": 16, "object_id": "1", "object_repr": "Top alternatives of herokuapp free web hosting", "action_flag": 1, "change_message": "[{\"added\": {}}]"}}, {"model": "admin.logentry", "pk": 15, "fields": {"action_time": "2022-11-06T12:00:13.419Z", "user": 1, "content_type": 13, "object_id": "3", "object_repr": "Automation", "action_flag": 2, "change_message": "[{\"changed\": {\"fields\": [\"Slug\"]}}]"}}, {"model": "admin.logentry", "pk": 16, "fields": {"action_time": "2022-11-06T12:04:33.461Z", "user": 1, "content_type": 13, "object_id": "3", "object_repr": "Automation", "action_flag": 2, "change_message": "[{\"changed\": {\"fields\": [\"Slug\"]}}]"}}, {"model": "admin.logentry", "pk": 17, "fields": {"action_time": "2022-11-06T12:34:09.467Z", "user": 1, "content_type": 13, "object_id": "10", "object_repr": "Hosting", "action_flag": 2, "change_message": "[]"}}, {"model": "admin.logentry", "pk": 18, "fields": {"action_time": "2022-11-06T14:03:05.415Z", "user": 1, "content_type": 12, "object_id": "1", "object_repr": "Quest", "action_flag": 2, "change_message": "[{\"changed\": {\"fields\": [\"Bio\"]}}]"}}, {"model": "admin.logentry", "pk": 19, "fields": {"action_time": "2022-11-06T14:36:39.404Z", "user": 1, "content_type": 16, "object_id": "2", "object_repr": "How to host your django media files in production  with AWS S3 Bucket", "action_flag": 1, "change_message": "[{\"added\": {}}]"}}, {"model": "admin.logentry", "pk": 20, "fields": {"action_time": "2022-11-06T16:05:29.118Z", "user": 1, "content_type": 16, "object_id": "3", "object_repr": "HTTP status codes/messages and what they signify", "action_flag": 1, "change_message": "[{\"added\": {}}]"}}, {"model": "admin.logentry", "pk": 21, "fields": {"action_time": "2022-11-06T17:49:09.941Z", "user": 1, "content_type": 12, "object_id": "1", "object_repr": "Quest", "action_flag": 2, "change_message": "[{\"changed\": {\"fields\": [\"Avatar\"]}}]"}}, {"model": "admin.logentry", "pk": 22, "fields": {"action_time": "2022-11-06T18:08:53.265Z", "user": 1, "content_type": 14, "object_id": "1", "object_repr": "stephen miles: Thanks for sharing bro, d....", "action_flag": 2, "change_message": "[{\"changed\": {\"fields\": [\"User\"]}}]"}}, {"model": "admin.logentry", "pk": 23, "fields": {"action_time": "2022-11-06T18:39:21.513Z", "user": 1, "content_type": 14, "object_id": "3", "object_repr": "Victor Okolie: ikr Xd....", "action_flag": 2, "change_message": "[{\"changed\": {\"fields\": [\"Body\"]}}]"}}, {"model": "admin.logentry", "pk": 24, "fields": {"action_time": "2022-11-06T18:40:03.689Z", "user": 1, "content_type": 14, "object_id": "3", "object_repr": "Victor Okolie: ikr 😂....", "action_flag": 2, "change_message": "[{\"changed\": {\"fields\": [\"Body\"]}}]"}}, {"model": "admin.logentry", "pk": 25, "fields": {"action_time": "2022-11-08T14:04:23.161Z", "user": 1, "content_type": 14, "object_id": "25", "object_repr": "**** **** nelson: come **** the **** outta ....", "action_flag": 3, "change_message": ""}}, {"model": "admin.logentry", "pk": 26, "fields": {"action_time": "2022-11-08T14:04:26.608Z", "user": 1, "content_type": 14, "object_id": "24", "object_repr": "**** **** nelson: come **** daddy Fuuuuuuk ....", "action_flag": 3, "change_message": ""}}, {"model": "admin.logentry", "pk": 27, "fields": {"action_time": "2022-11-08T14:04:27.967Z", "user": 1, "content_type": 14, "object_id": "23", "object_repr": "**** **** nelson: come **** daddy Fuuuuuuk ....", "action_flag": 3, "change_message": ""}}, {"model": "admin.logentry", "pk": 28, "fields": {"action_time": "2022-11-08T14:04:30.544Z", "user": 1, "content_type": 14, "object_id": "22", "object_repr": "shit nigga nelson: come **** daddy Fuuuuuuk ....", "action_flag": 3, "change_message": ""}}, {"model": "admin.logentry", "pk": 29, "fields": {"action_time": "2022-11-08T14:04:32.514Z", "user": 1, "content_type": 14, "object_id": "21", "object_repr": "victor: come **** daddy Fuuuuuuk ....", "action_flag": 3, "change_message": ""}}, {"model": "admin.logentry", "pk": 30, "fields": {"action_time": "2022-11-08T14:04:32.882Z", "user": 1, "content_type": 14, "object_id": "20", "object_repr": "shit nigga nelson: from better_profanity imp....", "action_flag": 3, "change_message": ""}}, {"model": "admin.logentry", "pk": 31, "fields": {"action_time": "2022-11-08T14:04:33.511Z", "user": 1, "content_type": 14, "object_id": "19", "object_repr": "shit nigga nelson: come fuck me daddy Fuuuuu....", "action_flag": 3, "change_message": ""}}, {"model": "admin.logentry", "pk": 32, "fields": {"action_time": "2022-11-08T14:04:34.323Z", "user": 1, "content_type": 14, "object_id": "18", "object_repr": "shit nigga nelson: come fuck me daddy Fuuuuu....", "action_flag": 3, "change_message": ""}}, {"model": "admin.logentry", "pk": 33, "fields": {"action_time": "2022-11-08T14:04:35.390Z", "user": 1, "content_type": 14, "object_id": "17", "object_repr": "shit nigga nelson: come fuck me daddy Fuuuuu....", "action_flag": 3, "change_message": ""}}, {"model": "admin.logentry", "pk": 34, "fields": {"action_time": "2022-11-08T14:04:35.996Z", "user": 1, "content_type": 14, "object_id": "16", "object_repr": "shit nigga nelson: come fuck me daddy Fuuuuu....", "action_flag": 3, "change_message": ""}}, {"model": "admin.logentry", "pk": 35, "fields": {"action_time": "2022-11-08T14:04:36.781Z", "user": 1, "content_type": 14, "object_id": "15", "object_repr": "shit nigga nelson: come fuck me daddy Fuuuuu....", "action_flag": 3, "change_message": ""}}, {"model": "admin.logentry", "pk": 36, "fields": {"action_time": "2022-11-08T14:04:37.913Z", "user": 1, "content_type": 14, "object_id": "14", "object_repr": "shit nigga nelson: come fuck me daddy Fuuuuu....", "action_flag": 3, "change_message": ""}}, {"model": "admin.logentry", "pk": 37, "fields": {"action_time": "2022-11-08T14:04:38.693Z", "user": 1, "content_type": 14, "object_id": "13", "object_repr": "blowjob giver: onlly thin i know is fuck....", "action_flag": 3, "change_message": ""}}, {"model": "admin.logentry", "pk": 38, "fields": {"action_time": "2022-11-08T14:04:39.045Z", "user": 1, "content_type": 14, "object_id": "12", "object_repr": "pussy eater mike: come fuck me daddy Fuuuuu....", "action_flag": 3, "change_message": ""}}, {"model": "admin.logentry", "pk": 39, "fields": {"action_time": "2022-11-08T14:04:39.581Z", "user": 1, "content_type": 14, "object_id": "11", "object_repr": "jude manny: go crazy....", "action_flag": 3, "change_message": ""}}, {"model": "admin.logentry", "pk": 40, "fields": {"action_time": "2022-11-08T14:04:40.008Z", "user": 1, "content_type": 14, "object_id": "10", "object_repr": "trevor: frraaaakliiiiin!!!!....", "action_flag": 3, "change_message": ""}}, {"model": "admin.logentry", "pk": 41, "fields": {"action_time": "2022-11-08T14:04:40.416Z", "user": 1, "content_type": 14, "object_id": "9", "object_repr": "jameswiseman: great blog post....", "action_flag": 3, "change_message": ""}}, {"model": "admin.logentry", "pk": 42, "fields": {"action_time": "2022-11-08T14:04:43.319Z", "user": 1, "content_type": 14, "object_id": "8", "object_repr": "pascal siakam: hello....", "action_flag": 3, "change_message": ""}}, {"model": "admin.logentry", "pk": 43, "fields": {"action_time": "2022-11-08T14:04:45.824Z", "user": 1, "content_type": 14, "object_id": "7", "object_repr": "Abid: gikjn....", "action_flag": 3, "change_message": ""}}, {"model": "admin.logentry", "pk": 44, "fields": {"action_time": "2022-11-08T14:04:46.556Z", "user": 1, "content_type": 14, "object_id": "6", "object_repr": "Abid: gikjn....", "action_flag": 3, "change_message": ""}}, {"model": "admin.logentry", "pk": 45, "fields": {"action_time": "2022-11-08T14:04:46.748Z", "user": 1, "content_type": 14, "object_id": "5", "object_repr": "Abid: gikjn....", "action_flag": 3, "change_message": ""}}, {"model": "admin.logentry", "pk": 46, "fields": {"action_time": "2022-11-08T14:04:46.972Z", "user": 1, "content_type": 14, "object_id": "4", "object_repr": "charlie mundo: first one here....", "action_flag": 3, "change_message": ""}}, {"model": "admin.logentry", "pk": 47, "fields": {"action_time": "2022-11-08T14:18:28.482Z", "user": 1, "content_type": 16, "object_id": "2", "object_repr": "How to host your django media files in production  with AWS S3 Bucket", "action_flag": 2, "change_message": "[{\"changed\": {\"fields\": [\"Category\"]}}]"}}, {"model": "admin.logentry", "pk": 48, "fields": {"action_time": "2022-11-08T14:18:48.738Z", "user": 1, "content_type": 16, "object_id": "2", "object_repr": "How to host your django media files in production  with AWS S3 Bucket", "action_flag": 2, "change_message": "[{\"changed\": {\"fields\": [\"Category\"]}}]"}}, {"model": "admin.logentry", "pk": 49, "fields": {"action_time": "2022-11-08T14:29:44.688Z", "user": 1, "content_type": 16, "object_id": "2", "object_repr": "How to host your django media files in production  with AWS S3 Bucket", "action_flag": 2, "change_message": "[{\"changed\": {\"fields\": [\"Category\"]}}]"}}, {"model": "admin.logentry", "pk": 50, "fields": {"action_time": "2022-11-08T14:30:12.184Z", "user": 1, "content_type": 16, "object_id": "2", "object_repr": "How to host your django media files in production  with AWS S3 Bucket", "action_flag": 2, "change_message": "[{\"changed\": {\"fields\": [\"Category\"]}}]"}}, {"model": "admin.logentry", "pk": 51, "fields": {"action_time": "2022-11-08T14:33:38.256Z", "user": 1, "content_type": 16, "object_id": "2", "object_repr": "How to host your django media files in production  with AWS S3 Bucket", "action_flag": 2, "change_message": "[]"}}, {"model": "admin.logentry", "pk": 52, "fields": {"action_time": "2022-11-08T14:43:19.121Z", "user": 1, "content_type": 16, "object_id": "2", "object_repr": "How to host your django media files in production  with AWS S3 Bucket", "action_flag": 2, "change_message": "[]"}}, {"model": "admin.logentry", "pk": 53, "fields": {"action_time": "2022-11-08T14:52:23.374Z", "user": 1, "content_type": 16, "object_id": "2", "object_repr": "How to host your django media files in production  with AWS S3 Bucket", "action_flag": 2, "change_message": "[{\"changed\": {\"fields\": [\"Category\"]}}]"}}, {"model": "admin.logentry", "pk": 54, "fields": {"action_time": "2022-11-08T14:58:34.531Z", "user": 1, "content_type": 16, "object_id": "2", "object_repr": "How to host your django media files in production  with AWS S3 Bucket", "action_flag": 2, "change_message": "[]"}}, {"model": "admin.logentry", "pk": 55, "fields": {"action_time": "2022-11-08T14:58:47.569Z", "user": 1, "content_type": 16, "object_id": "2", "object_repr": "How to host your django media files in production  with AWS S3 Bucket", "action_flag": 2, "change_message": "[{\"changed\": {\"fields\": [\"Category\"]}}]"}}, {"model": "admin.logentry", "pk": 56, "fields": {"action_time": "2022-11-08T15:00:15.844Z", "user": 1, "content_type": 16, "object_id": "2", "object_repr": "How to host your django media files in production  with AWS S3 Bucket", "action_flag": 2, "change_message": "[]"}}, {"model": "admin.logentry", "pk": 57, "fields": {"action_time": "2022-11-08T15:14:09.606Z", "user": 1, "content_type": 16, "object_id": "2", "object_repr": "How to host your django media files in production  with AWS S3 Bucket", "action_flag": 2, "change_message": "[]"}}, {"model": "admin.logentry", "pk": 58, "fields": {"action_time": "2022-11-08T15:25:22.851Z", "user": 1, "content_type": 16, "object_id": "2", "object_repr": "How to host your django media files in production  with AWS S3 Bucket", "action_flag": 2, "change_message": "[]"}}, {"model": "admin.logentry", "pk": 59, "fields": {"action_time": "2022-11-08T15:26:20.534Z", "user": 1, "content_type": 16, "object_id": "2", "object_repr": "How to host your django media files in production  with AWS S3 Bucket", "action_flag": 2, "change_message": "[]"}}, {"model": "admin.logentry", "pk": 60, "fields": {"action_time": "2022-11-08T15:32:07.980Z", "user": 1, "content_type": 16, "object_id": "2", "object_repr": "How to host your django media files in production  with AWS S3 Bucket", "action_flag": 2, "change_message": "[{\"changed\": {\"fields\": [\"Category\"]}}]"}}, {"model": "admin.logentry", "pk": 61, "fields": {"action_time": "2022-11-08T15:33:57.512Z", "user": 1, "content_type": 16, "object_id": "2", "object_repr": "How to host your django media files in production  with AWS S3 Bucket", "action_flag": 2, "change_message": "[{\"changed\": {\"fields\": [\"Category\"]}}]"}}, {"model": "admin.logentry", "pk": 62, "fields": {"action_time": "2022-11-08T15:36:16.142Z", "user": 1, "content_type": 16, "object_id": "2", "object_repr": "How to host your django media files in production  with AWS S3 Bucket", "action_flag": 2, "change_message": "[]"}}, {"model": "admin.logentry", "pk": 63, "fields": {"action_time": "2022-11-08T15:36:41.594Z", "user": 1, "content_type": 16, "object_id": "2", "object_repr": "How to host your django media files in production  with AWS S3 Bucket", "action_flag": 2, "change_message": "[]"}}, {"model": "admin.logentry", "pk": 64, "fields": {"action_time": "2022-11-08T15:37:26.757Z", "user": 1, "content_type": 16, "object_id": "2", "object_repr": "How to host your django media files in production  with AWS S3 Bucket", "action_flag": 2, "change_message": "[]"}}, {"model": "admin.logentry", "pk": 65, "fields": {"action_time": "2022-11-08T15:52:27.861Z", "user": 1, "content_type": 16, "object_id": "3", "object_repr": "HTTP status codes/messages and what they signify", "action_flag": 2, "change_message": "[]"}}, {"model": "admin.logentry", "pk": 66, "fields": {"action_time": "2022-11-08T19:29:59.271Z", "user": 1, "content_type": 16, "object_id": "2", "object_repr": "How to host your django media files in production  with AWS S3 Bucket", "action_flag": 2, "change_message": "[{\"changed\": {\"fields\": [\"Category\"]}}]"}}, {"model": "admin.logentry", "pk": 67, "fields": {"action_time": "2022-11-08T19:30:45.859Z", "user": 1, "content_type": 16, "object_id": "4", "object_repr": "how to use the wen", "action_flag": 1, "change_message": "[{\"added\": {}}]"}}, {"model": "admin.logentry", "pk": 68, "fields": {"action_time": "2022-11-08T19:41:44.843Z", "user": 1, "content_type": 16, "object_id": "5", "object_repr": "how this is made", "action_flag": 1, "change_message": "[{\"added\": {}}]"}}, {"model": "admin.logentry", "pk": 69, "fields": {"action_time": "2022-11-08T19:42:04.999Z", "user": 1, "content_type": 16, "object_id": "5", "object_repr": "how this is made", "action_flag": 2, "change_message": "[{\"changed\": {\"fields\": [\"Category\"]}}]"}}, {"model": "admin.logentry", "pk": 70, "fields": {"action_time": "2022-11-08T19:42:53.382Z", "user": 1, "content_type": 16, "object_id": "6", "object_repr": "he yo yo", "action_flag": 1, "change_message": "[{\"added\": {}}]"}}, {"model": "admin.logentry", "pk": 71, "fields": {"action_time": "2022-11-08T19:44:43.008Z", "user": 1, "content_type": 16, "object_id": "6", "object_repr": "he yo yo", "action_flag": 3, "change_message": ""}}, {"model": "admin.logentry", "pk": 72, "fields": {"action_time": "2022-11-08T19:44:43.131Z", "user": 1, "content_type": 16, "object_id": "5", "object_repr": "how this is made", "action_flag": 3, "change_message": ""}}, {"model": "admin.logentry", "pk": 73, "fields": {"action_time": "2022-11-08T19:44:43.275Z", "user": 1, "content_type": 16, "object_id": "4", "object_repr": "how to use the wen", "action_flag": 3, "change_message": ""}}, {"model": "admin.logentry", "pk": 74, "fields": {"action_time": "2022-11-08T19:49:18.595Z", "user": 1, "content_type": 16, "object_id": "3", "object_repr": "HTTP status codes/messages and what they signify", "action_flag": 2, "change_message": "[]"}}, {"model": "admin.logentry", "pk": 75, "fields": {"action_time": "2022-11-08T20:00:36.040Z", "user": 1, "content_type": 16, "object_id": "3", "object_repr": "HTTP status codes/messages and what they signify", "action_flag": 2, "change_message": "[]"}}, {"model": "admin.logentry", "pk": 76, "fields": {"action_time": "2022-11-08T20:03:50.538Z", "user": 1, "content_type": 16, "object_id": "2", "object_repr": "How to host your django media files in production  with AWS S3 Bucket", "action_flag": 2, "change_message": "[{\"changed\": {\"fields\": [\"Category\"]}}]"}}, {"model": "admin.logentry", "pk": 77, "fields": {"action_time": "2022-11-08T20:06:19.935Z", "user": 1, "content_type": 16, "object_id": "2", "object_repr": "How to host your django media files in production  with AWS S3 Bucket", "action_flag": 2, "change_message": "[]"}}, {"model": "admin.logentry", "pk": 78, "fields": {"action_time": "2022-11-08T20:34:30.481Z", "user": 1, "content_type": 16, "object_id": "2", "object_repr": "How to host your django media files in production  with AWS S3 Bucket", "action_flag": 2, "change_message": "[]"}}, {"model": "admin.logentry", "pk": 79, "fields": {"action_time": "2022-11-08T21:04:36.859Z", "user": 1, "content_type": 16, "object_id": "2", "object_repr": "How to host your django media files in production  with AWS S3 Bucket", "action_flag": 2, "change_message": "[]"}}, {"model": "admin.logentry", "pk": 80, "fields": {"action_time": "2022-11-08T21:05:20.646Z", "user": 1, "content_type": 16, "object_id": "2", "object_repr": "How to host your django media files in production  with AWS S3 Bucket", "action_flag": 2, "change_message": "[]"}}, {"model": "admin.logentry", "pk": 81, "fields": {"action_time": "2022-11-08T21:07:01.832Z", "user": 1, "content_type": 16, "object_id": "2", "object_repr": "How to host your django media files in production  with AWS S3 Bucket", "action_flag": 2, "change_message": "[]"}}, {"model": "admin.logentry", "pk": 82, "fields": {"action_time": "2022-11-08T21:23:21.669Z", "user": 1, "content_type": 16, "object_id": "2", "object_repr": "How to host your django media files in production  with AWS S3 Bucket", "action_flag": 2, "change_message": "[]"}}, {"model": "admin.logentry", "pk": 83, "fields": {"action_time": "2022-11-09T13:15:29.069Z", "user": 1, "content_type": 16, "object_id": "2", "object_repr": "How to host your django media files in production  with AWS S3 Bucket", "action_flag": 2, "change_message": "[{\"changed\": {\"fields\": [\"Category\"]}}]"}}, {"model": "admin.logentry", "pk": 84, "fields": {"action_time": "2022-11-09T13:16:08.784Z", "user": 1, "content_type": 16, "object_id": "2", "object_repr": "How to host your django media files in production  with AWS S3 Bucket", "action_flag": 2, "change_message": "[{\"changed\": {\"fields\": [\"Category\"]}}]"}}, {"model": "admin.logentry", "pk": 85, "fields": {"action_time": "2022-11-09T20:59:31.576Z", "user": 1, "content_type": 23, "object_id": "1", "object_repr": "Telegram bot", "action_flag": 1, "change_message": "[{\"added\": {}}]"}}, {"model": "admin.logentry", "pk": 86, "fields": {"action_time": "2022-11-09T21:05:31.510Z", "user": 1, "content_type": 30, "object_id": "1", "object_repr": "Refund - store.OrderItem.None", "action_flag": 1, "change_message": "[{\"added\": {}}]"}}, {"model": "admin.logentry", "pk": 87, "fields": {"action_time": "2022-11-09T21:46:56.134Z", "user": 1, "content_type": 30, "object_id": "1", "object_repr": "Refund - 3 items", "action_flag": 3, "change_message": ""}}, {"model": "admin.logentry", "pk": 88, "fields": {"action_time": "2022-11-09T21:52:08.097Z", "user": 1, "content_type": 30, "object_id": "1", "object_repr": "Refund - 3 items", "action_flag": 1, "change_message": "[{\"added\": {}}]"}}, {"model": "admin.logentry", "pk": 89, "fields": {"action_time": "2022-11-09T22:37:11.517Z", "user": 1, "content_type": 30, "object_id": "1", "object_repr": "Refund - 3 items", "action_flag": 3, "change_message": ""}}, {"model": "admin.logentry", "pk": 90, "fields": {"action_time": "2022-11-09T23:00:54.363Z", "user": 1, "content_type": 23, "object_id": "2", "object_repr": "Snapchat bot", "action_flag": 1, "change_message": "[{\"added\": {}}]"}}, {"model": "admin.logentry", "pk": 91, "fields": {"action_time": "2022-11-10T11:42:45.427Z", "user": 1, "content_type": 25, "object_id": "1", "object_repr": "Telegram bot - x3", "action_flag": 3, "change_message": ""}}, {"model": "admin.logentry", "pk": 92, "fields": {"action_time": "2022-11-10T11:43:39.963Z", "user": 1, "content_type": 24, "object_id": "3", "object_repr": "No 8 Richard Agbawi Street okoko", "action_flag": 3, "change_message": ""}}, {"model": "admin.logentry", "pk": 93, "fields": {"action_time": "2022-11-10T11:43:40.171Z", "user": 1, "content_type": 24, "object_id": "2", "object_repr": "No 8 Richard Agbawi Street okoko", "action_flag": 3, "change_message": ""}}, {"model": "admin.logentry", "pk": 94, "fields": {"action_time": "2022-11-10T11:43:40.335Z", "user": 1, "content_type": 24, "object_id": "1", "object_repr": "None", "action_flag": 3, "change_message": ""}}, {"model": "admin.logentry", "pk": 95, "fields": {"action_time": "2022-11-10T11:46:35.035Z", "user": 1, "content_type": 22, "object_id": "1", "object_repr": "4e0f64c8e7", "action_flag": 3, "change_message": ""}}, {"model": "admin.logentry", "pk": 96, "fields": {"action_time": "2022-11-10T12:10:16.353Z", "user": 1, "content_type": 24, "object_id": "5", "object_repr": "No 8 Richard Agbawi Street okoko", "action_flag": 3, "change_message": ""}}, {"model": "admin.logentry", "pk": 97, "fields": {"action_time": "2022-11-10T12:10:16.623Z", "user": 1, "content_type": 24, "object_id": "4", "object_repr": "No 8 Richard Agbawi Street okoko", "action_flag": 3, "change_message": ""}}, {"model": "admin.logentry", "pk": 98, "fields": {"action_time": "2022-11-10T12:10:46.679Z", "user": 1, "content_type": 22, "object_id": "2", "object_repr": "fcd348da886e08403488dd68f9db5dfa5824", "action_flag": 3, "change_message": ""}}, {"model": "admin.logentry", "pk": 99, "fields": {"action_time": "2022-11-10T12:12:01.790Z", "user": 1, "content_type": 25, "object_id": "3", "object_repr": "Snapchat bot - x1", "action_flag": 3, "change_message": ""}}, {"model": "admin.logentry", "pk": 100, "fields": {"action_time": "2022-11-10T12:12:01.912Z", "user": 1, "content_type": 25, "object_id": "2", "object_repr": "Telegram bot - x1", "action_flag": 3, "change_message": ""}}, {"model": "admin.logentry", "pk": 101, "fields": {"action_time": "2022-11-10T12:26:24.798Z", "user": 1, "content_type": 30, "object_id": "2", "object_repr": "Refund - 2 items", "action_flag": 2, "change_message": "[{\"changed\": {\"fields\": [\"User\"]}}]"}}, {"model": "admin.logentry", "pk": 102, "fields": {"action_time": "2022-11-10T12:35:09.050Z", "user": 1, "content_type": 30, "object_id": "2", "object_repr": "Refund - 2 items", "action_flag": 3, "change_message": ""}}, {"model": "admin.logentry", "pk": 103, "fields": {"action_time": "2022-11-10T12:36:11.701Z", "user": 1, "content_type": 30, "object_id": "3", "object_repr": "Refund - 3 items", "action_flag": 3, "change_message": ""}}, {"model": "admin.logentry", "pk": 104, "fields": {"action_time": "2022-11-10T12:37:23.630Z", "user": 1, "content_type": 30, "object_id": "5", "object_repr": "Refund - 3 items", "action_flag": 3, "change_message": ""}}, {"model": "admin.logentry", "pk": 105, "fields": {"action_time": "2022-11-10T12:37:23.778Z", "user": 1, "content_type": 30, "object_id": "4", "object_repr": "Refund - 3 items", "action_flag": 3, "change_message": ""}}, {"model": "admin.logentry", "pk": 106, "fields": {"action_time": "2022-11-10T12:51:48.297Z", "user": 1, "content_type": 30, "object_id": "8", "object_repr": "Refund - 3 items", "action_flag": 3, "change_message": ""}}, {"model": "admin.logentry", "pk": 107, "fields": {"action_time": "2022-11-10T12:51:48.429Z", "user": 1, "content_type": 30, "object_id": "7", "object_repr": "Refund - 3 items", "action_flag": 3, "change_message": ""}}, {"model": "admin.logentry", "pk": 108, "fields": {"action_time": "2022-11-10T12:51:48.550Z", "user": 1, "content_type": 30, "object_id": "6", "object_repr": "Refund - 3 items", "action_flag": 3, "change_message": ""}}, {"model": "admin.logentry", "pk": 109, "fields": {"action_time": "2022-11-10T13:01:34.933Z", "user": 1, "content_type": 30, "object_id": "9", "object_repr": "Refund - 3 items", "action_flag": 3, "change_message": ""}}, {"model": "admin.logentry", "pk": 110, "fields": {"action_time": "2022-11-10T13:05:20.222Z", "user": 1, "content_type": 30, "object_id": "10", "object_repr": "Refund - 3 items", "action_flag": 3, "change_message": ""}}, {"model": "admin.logentry", "pk": 111, "fields": {"action_time": "2022-11-10T14:34:59.202Z", "user": 1, "content_type": 19, "object_id": "3", "object_repr": "questcoding2001@gmail.com", "action_flag": 3, "change_message": ""}}, {"model": "admin.logentry", "pk": 112, "fields": {"action_time": "2022-11-10T14:34:59.333Z", "user": 1, "content_type": 19, "object_id": "2", "object_repr": "victorokolie001@gmail.com", "action_flag": 3, "change_message": ""}}, {"model": "admin.logentry", "pk": 113, "fields": {"action_time": "2022-11-10T14:34:59.456Z", "user": 1, "content_type": 19, "object_id": "1", "object_repr": "victorokolie2001@gmail.com", "action_flag": 3, "change_message": ""}}, {"model": "admin.logentry", "pk": 114, "fields": {"action_time": "2022-11-10T14:35:11.033Z", "user": 1, "content_type": 19, "object_id": "4", "object_repr": "victorokolie2001@gmail.com", "action_flag": 1, "change_message": "[{\"added\": {}}]"}}, {"model": "admin.logentry", "pk": 115, "fields": {"action_time": "2022-11-10T15:03:36.575Z", "user": 1, "content_type": 19, "object_id": "4", "object_repr": "victorokolie2001@gmail.com", "action_flag": 3, "change_message": ""}}, {"model": "admin.logentry", "pk": 116, "fields": {"action_time": "2022-11-10T15:04:02.787Z", "user": 1, "content_type": 19, "object_id": "5", "object_repr": "victorokolie2001@gmail.com", "action_flag": 1, "change_message": "[{\"added\": {}}]"}}, {"model": "admin.logentry", "pk": 117, "fields": {"action_time": "2022-11-10T15:04:47.228Z", "user": 1, "content_type": 19, "object_id": "5", "object_repr": "victorokolie2001@gmail.com", "action_flag": 3, "change_message": ""}}, {"model": "admin.logentry", "pk": 118, "fields": {"action_time": "2022-11-10T15:04:54.048Z", "user": 1, "content_type": 19, "object_id": "6", "object_repr": "victorokolie2001@gmail.com", "action_flag": 1, "change_message": "[{\"added\": {}}]"}}, {"model": "admin.logentry", "pk": 119, "fields": {"action_time": "2022-11-10T15:06:22.146Z", "user": 1, "content_type": 19, "object_id": "6", "object_repr": "victorokolie2001@gmail.com", "action_flag": 2, "change_message": "[{\"changed\": {\"fields\": [\"Slug\"]}}]"}}, {"model": "admin.logentry", "pk": 120, "fields": {"action_time": "2022-11-10T15:21:01.216Z", "user": 1, "content_type": 19, "object_id": "6", "object_repr": "victorokolie2001@gmail.com", "action_flag": 3, "change_message": ""}}, {"model": "admin.logentry", "pk": 121, "fields": {"action_time": "2022-11-10T15:23:13.066Z", "user": 1, "content_type": 19, "object_id": "7", "object_repr": "victorokolie2001@gmail.com", "action_flag": 3, "change_message": ""}}, {"model": "admin.logentry", "pk": 122, "fields": {"action_time": "2022-11-10T15:36:26.318Z", "user": 1, "content_type": 19, "object_id": "8", "object_repr": "victorokolie2001@gmail.com", "action_flag": 3, "change_message": ""}}, {"model": "admin.logentry", "pk": 123, "fields": {"action_time": "2022-11-10T15:37:45.892Z", "user": 1, "content_type": 19, "object_id": "9", "object_repr": "victorokolie2001@gmail.com", "action_flag": 3, "change_message": ""}}, {"model": "admin.logentry", "pk": 124, "fields": {"action_time": "2022-11-10T15:38:56.492Z", "user": 1, "content_type": 19, "object_id": "10", "object_repr": "victorokolie2001@gmail.com", "action_flag": 3, "change_message": ""}}, {"model": "admin.logentry", "pk": 125, "fields": {"action_time": "2022-11-10T15:40:00.490Z", "user": 1, "content_type": 19, "object_id": "11", "object_repr": "victorokolie2001@gmail.com", "action_flag": 3, "change_message": ""}}, {"model": "admin.logentry", "pk": 126, "fields": {"action_time": "2022-11-10T15:45:54.574Z", "user": 1, "content_type": 19, "object_id": "12", "object_repr": "victorokolie2001@gmail.com", "action_flag": 3, "change_message": ""}}, {"model": "admin.logentry", "pk": 127, "fields": {"action_time": "2022-11-10T15:47:14.834Z", "user": 1, "content_type": 19, "object_id": "13", "object_repr": "victorokolie2001@gmail.com", "action_flag": 3, "change_message": ""}}, {"model": "admin.logentry", "pk": 128, "fields": {"action_time": "2022-11-12T14:32:40.555Z", "user": 1, "content_type": 19, "object_id": "14", "object_repr": "victorokolie2001@gmail.com", "action_flag": 3, "change_message": ""}}, {"model": "admin.logentry", "pk": 129, "fields": {"action_time": "2022-11-15T16:35:51.228Z", "user": 1, "content_type": 19, "object_id": "16", "object_repr": "questcoding2001@gmail.com", "action_flag": 3, "change_message": ""}}, {"model": "admin.logentry", "pk": 130, "fields": {"action_time": "2022-11-15T16:35:51.744Z", "user": 1, "content_type": 19, "object_id": "15", "object_repr": "victorokolie2001@gmail.com", "action_flag": 3, "change_message": ""}}, {"model": "admin.logentry", "pk": 131, "fields": {"action_time": "2022-11-15T17:07:20.669Z", "user": 1, "content_type": 20, "object_id": "1", "object_repr": "questcoding2001@gmail.com: I no longer want to receive this em....", "action_flag": 3, "change_message": ""}}, {"model": "admin.logentry", "pk": 132, "fields": {"action_time": "2022-11-15T17:49:56.431Z", "user": 1, "content_type": 19, "object_id": "19", "object_repr": "victorokolie2001@gmail.com", "action_flag": 3, "change_message": ""}}, {"model": "admin.logentry", "pk": 133, "fields": {"action_time": "2022-11-15T17:49:56.568Z", "user": 1, "content_type": 19, "object_id": "18", "object_repr": "questcoding2001@gmail.com", "action_flag": 3, "change_message": ""}}, {"model": "admin.logentry", "pk": 134, "fields": {"action_time": "2022-11-19T09:50:51.621Z", "user": 1, "content_type": 18, "object_id": "1", "object_repr": "Learn how use react with django-In this article, You''ll ....", "action_flag": 1, "change_message": "[{\"added\": {}}]"}}, {"model": "admin.logentry", "pk": 135, "fields": {"action_time": "2022-11-19T09:51:46.418Z", "user": 1, "content_type": 18, "object_id": "1", "object_repr": "Learn how use react with django-In this article, You''ll ....", "action_flag": 2, "change_message": "[]"}}, {"model": "admin.logentry", "pk": 136, "fields": {"action_time": "2022-11-19T09:54:38.602Z", "user": 1, "content_type": 18, "object_id": "1", "object_repr": "Learn how use react with django-In this article, You''ll ....", "action_flag": 2, "change_message": "[]"}}, {"model": "admin.logentry", "pk": 137, "fields": {"action_time": "2022-11-19T09:55:01.975Z", "user": 1, "content_type": 18, "object_id": "1", "object_repr": "Learn how use react with django-In this article, You''ll ....", "action_flag": 2, "change_message": "[{\"changed\": {\"fields\": [\"Send news letter\"]}}]"}}, {"model": "admin.logentry", "pk": 138, "fields": {"action_time": "2022-11-19T09:55:16.785Z", "user": 1, "content_type": 19, "object_id": "21", "object_repr": "victorokolie2001@gmail.com", "action_flag": 1, "change_message": "[{\"added\": {}}]"}}, {"model": "admin.logentry", "pk": 139, "fields": {"action_time": "2022-11-19T09:55:30.984Z", "user": 1, "content_type": 18, "object_id": "1", "object_repr": "Learn how use react with django-In this article, You''ll ....", "action_flag": 2, "change_message": "[{\"changed\": {\"fields\": [\"Send news letter\"]}}]"}}, {"model": "admin.logentry", "pk": 140, "fields": {"action_time": "2022-11-19T09:58:04.520Z", "user": 1, "content_type": 18, "object_id": "1", "object_repr": "Learn how use react with django-In this article, You''ll ....", "action_flag": 2, "change_message": "[{\"changed\": {\"fields\": [\"Send news letter\"]}}]"}}, {"model": "admin.logentry", "pk": 141, "fields": {"action_time": "2022-11-19T10:01:39.342Z", "user": 1, "content_type": 18, "object_id": "1", "object_repr": "Learn how use react with django-In this article, You''ll ....", "action_flag": 2, "change_message": "[]"}}, {"model": "admin.logentry", "pk": 142, "fields": {"action_time": "2022-11-21T19:45:50.611Z", "user": 1, "content_type": 12, "object_id": "3", "object_repr": "Zaza", "action_flag": 3, "change_message": ""}}, {"model": "admin.logentry", "pk": 143, "fields": {"action_time": "2022-11-21T19:45:50.842Z", "user": 1, "content_type": 12, "object_id": "2", "object_repr": "vyktor", "action_flag": 3, "change_message": ""}}, {"model": "admin.logentry", "pk": 144, "fields": {"action_time": "2022-11-21T19:50:50.476Z", "user": 1, "content_type": 12, "object_id": "4", "object_repr": "vyktor", "action_flag": 3, "change_message": ""}}, {"model": "admin.logentry", "pk": 145, "fields": {"action_time": "2022-11-21T19:53:45.326Z", "user": 1, "content_type": 12, "object_id": "5", "object_repr": "vyktor", "action_flag": 3, "change_message": ""}}, {"model": "admin.logentry", "pk": 146, "fields": {"action_time": "2022-11-21T19:57:03.210Z", "user": 1, "content_type": 12, "object_id": "6", "object_repr": "vyktor", "action_flag": 3, "change_message": ""}}, {"model": "admin.logentry", "pk": 147, "fields": {"action_time": "2022-11-21T20:06:02.949Z", "user": 1, "content_type": 12, "object_id": "7", "object_repr": "vyktor", "action_flag": 3, "change_message": ""}}, {"model": "admin.logentry", "pk": 148, "fields": {"action_time": "2022-11-22T12:03:24.236Z", "user": 1, "content_type": 12, "object_id": "9", "object_repr": "undeniable", "action_flag": 3, "change_message": ""}}, {"model": "admin.logentry", "pk": 149, "fields": {"action_time": "2022-11-22T12:03:24.412Z", "user": 1, "content_type": 12, "object_id": "8", "object_repr": "vyktor", "action_flag": 3, "change_message": ""}}, {"model": "admin.logentry", "pk": 150, "fields": {"action_time": "2022-11-22T12:16:21.149Z", "user": 1, "content_type": 19, "object_id": "22", "object_repr": "victorokolie001@gmail.com", "action_flag": 3, "change_message": ""}}, {"model": "admin.logentry", "pk": 151, "fields": {"action_time": "2022-11-22T12:16:21.301Z", "user": 1, "content_type": 19, "object_id": "21", "object_repr": "victorokolie2001@gmail.com", "action_flag": 3, "change_message": ""}}, {"model": "admin.logentry", "pk": 152, "fields": {"action_time": "2022-11-22T12:16:21.421Z", "user": 1, "content_type": 19, "object_id": "20", "object_repr": "questcoding2001@gmail.com", "action_flag": 3, "change_message": ""}}, {"model": "admin.logentry", "pk": 153, "fields": {"action_time": "2022-11-22T12:24:53.676Z", "user": 1, "content_type": 19, "object_id": "23", "object_repr": "victorokolie2001@gmail.com", "action_flag": 3, "change_message": ""}}, {"model": "admin.logentry", "pk": 154, "fields": {"action_time": "2022-11-22T21:37:49.761Z", "user": 1, "content_type": 6, "object_id": "2", "object_repr": "127.0.0.1:8000", "action_flag": 2, "change_message": "[{\"changed\": {\"fields\": [\"Domain name\", \"Display name\"]}}]"}}, {"model": "admin.logentry", "pk": 155, "fields": {"action_time": "2022-11-23T20:28:47.661Z", "user": 1, "content_type": 31, "object_id": "1", "object_repr": "victor okolie", "action_flag": 1, "change_message": "[{\"added\": {}}]"}}, {"model": "admin.logentry", "pk": 156, "fields": {"action_time": "2022-11-23T20:29:46.209Z", "user": 1, "content_type": 31, "object_id": "1", "object_repr": "victor okolie", "action_flag": 2, "change_message": "[]"}}, {"model": "admin.logentry", "pk": 157, "fields": {"action_time": "2022-11-23T20:30:11.407Z", "user": 1, "content_type": 31, "object_id": "1", "object_repr": "victor okolie", "action_flag": 2, "change_message": "[]"}}, {"model": "admin.logentry", "pk": 158, "fields": {"action_time": "2022-11-23T20:30:49.937Z", "user": 1, "content_type": 31, "object_id": "1", "object_repr": "victor okolie", "action_flag": 2, "change_message": "[]"}}, {"model": "admin.logentry", "pk": 159, "fields": {"action_time": "2022-11-23T20:32:42.918Z", "user": 1, "content_type": 31, "object_id": "1", "object_repr": "victor okolie", "action_flag": 2, "change_message": "[]"}}, {"model": "admin.logentry", "pk": 160, "fields": {"action_time": "2022-11-23T20:34:41.440Z", "user": 1, "content_type": 31, "object_id": "1", "object_repr": "victor okolie", "action_flag": 2, "change_message": "[{\"changed\": {\"fields\": [\"Slug\"]}}]"}}, {"model": "admin.logentry", "pk": 161, "fields": {"action_time": "2022-11-23T20:36:36.738Z", "user": 1, "content_type": 31, "object_id": "1", "object_repr": "victor okolie", "action_flag": 2, "change_message": "[]"}}, {"model": "admin.logentry", "pk": 162, "fields": {"action_time": "2022-11-23T20:43:04.100Z", "user": 1, "content_type": 31, "object_id": "1", "object_repr": "victor okolie", "action_flag": 2, "change_message": "[{\"changed\": {\"fields\": [\"Avatar\"]}}]"}}, {"model": "admin.logentry", "pk": 163, "fields": {"action_time": "2022-11-23T22:42:56.973Z", "user": 1, "content_type": 30, "object_id": "11", "object_repr": "Refund - 3 items", "action_flag": 3, "change_message": ""}}, {"model": "admin.logentry", "pk": 164, "fields": {"action_time": "2022-11-23T22:43:12.259Z", "user": 1, "content_type": 24, "object_id": "7", "object_repr": "No 8 Richard Agbawi Street okoko", "action_flag": 3, "change_message": ""}}, {"model": "admin.logentry", "pk": 165, "fields": {"action_time": "2022-11-23T22:43:12.365Z", "user": 1, "content_type": 24, "object_id": "6", "object_repr": "No 8 Richard Agbawi Street okoko", "action_flag": 3, "change_message": ""}}, {"model": "admin.logentry", "pk": 166, "fields": {"action_time": "2022-11-23T22:43:36.767Z", "user": 1, "content_type": 22, "object_id": "3", "object_repr": "ae13f6ba15e3f14c5b1b4921925fdac7ed1c", "action_flag": 3, "change_message": ""}}, {"model": "admin.logentry", "pk": 167, "fields": {"action_time": "2022-11-23T22:43:47.451Z", "user": 1, "content_type": 25, "object_id": "5", "object_repr": "Snapchat bot - x1", "action_flag": 3, "change_message": ""}}, {"model": "admin.logentry", "pk": 168, "fields": {"action_time": "2022-11-23T22:43:47.685Z", "user": 1, "content_type": 25, "object_id": "4", "object_repr": "Telegram bot - x2", "action_flag": 3, "change_message": ""}}, {"model": "admin.logentry", "pk": 169, "fields": {"action_time": "2022-11-23T23:04:33.869Z", "user": 1, "content_type": 30, "object_id": "12", "object_repr": "Refund - 1 items", "action_flag": 3, "change_message": ""}}, {"model": "admin.logentry", "pk": 170, "fields": {"action_time": "2022-11-23T23:08:09.609Z", "user": 1, "content_type": 30, "object_id": "13", "object_repr": "Refund - 1 items", "action_flag": 3, "change_message": ""}}, {"model": "admin.logentry", "pk": 171, "fields": {"action_time": "2022-11-23T23:09:40.199Z", "user": 1, "content_type": 30, "object_id": "14", "object_repr": "Refund - 1 items", "action_flag": 2, "change_message": "[{\"changed\": {\"fields\": [\"Status\"]}}]"}}, {"model": "admin.logentry", "pk": 172, "fields": {"action_time": "2022-11-23T23:10:32.904Z", "user": 1, "content_type": 30, "object_id": "14", "object_repr": "Refund - 1 items", "action_flag": 3, "change_message": ""}}, {"model": "admin.logentry", "pk": 173, "fields": {"action_time": "2022-11-23T23:20:20.689Z", "user": 1, "content_type": 30, "object_id": "15", "object_repr": "Refund - 1 items", "action_flag": 3, "change_message": ""}}, {"model": "admin.logentry", "pk": 174, "fields": {"action_time": "2022-11-23T23:21:32.558Z", "user": 1, "content_type": 30, "object_id": "16", "object_repr": "Refund - 1 items", "action_flag": 3, "change_message": ""}}, {"model": "admin.logentry", "pk": 175, "fields": {"action_time": "2022-11-23T23:22:50.311Z", "user": 1, "content_type": 30, "object_id": "17", "object_repr": "Refund - 1 items", "action_flag": 3, "change_message": ""}}, {"model": "admin.logentry", "pk": 176, "fields": {"action_time": "2022-11-23T23:29:40.640Z", "user": 1, "content_type": 30, "object_id": "18", "object_repr": "Refund - 1 items", "action_flag": 3, "change_message": ""}}, {"model": "admin.logentry", "pk": 177, "fields": {"action_time": "2022-11-23T23:30:51.420Z", "user": 1, "content_type": 30, "object_id": "19", "object_repr": "Refund - 1 items", "action_flag": 3, "change_message": ""}}, {"model": "admin.logentry", "pk": 178, "fields": {"action_time": "2022-11-23T23:33:38.270Z", "user": 1, "content_type": 30, "object_id": "20", "object_repr": "Refund - 1 items", "action_flag": 3, "change_message": ""}}, {"model": "admin.logentry", "pk": 179, "fields": {"action_time": "2022-11-23T23:35:46.456Z", "user": 1, "content_type": 30, "object_id": "21", "object_repr": "Refund - 1 items", "action_flag": 3, "change_message": ""}}, {"model": "admin.logentry", "pk": 180, "fields": {"action_time": "2022-11-23T23:53:48.592Z", "user": 1, "content_type": 30, "object_id": "22", "object_repr": "Refund - 1 items", "action_flag": 2, "change_message": "[{\"changed\": {\"fields\": [\"Status\"]}}]"}}, {"model": "admin.logentry", "pk": 181, "fields": {"action_time": "2022-11-26T17:57:34.756Z", "user": 1, "content_type": 18, "object_id": "1", "object_repr": "Learn how use react with django-In this article, You''ll ....", "action_flag": 2, "change_message": "[]"}}, {"model": "admin.logentry", "pk": 182, "fields": {"action_time": "2022-11-26T17:59:59.751Z", "user": 1, "content_type": 18, "object_id": "1", "object_repr": "Learn how use react with django-In this article, You'll b....", "action_flag": 2, "change_message": "[{\"changed\": {\"fields\": [\"Message\", \"Send news letter\"]}}]"}}, {"model": "admin.logentry", "pk": 183, "fields": {"action_time": "2022-11-26T18:25:53.495Z", "user": 1, "content_type": 18, "object_id": "1", "object_repr": "Learn how use react with django-In this article, You'll b....", "action_flag": 2, "change_message": "[]"}}, {"model": "admin.logentry", "pk": 184, "fields": {"action_time": "2022-11-26T18:26:36.727Z", "user": 1, "content_type": 18, "object_id": "1", "object_repr": "Learn how use react with django-In this article, You'll b....", "action_flag": 2, "change_message": "[{\"changed\": {\"fields\": [\"Send news letter\"]}}]"}}, {"model": "admin.logentry", "pk": 185, "fields": {"action_time": "2022-11-26T18:29:08.428Z", "user": 1, "content_type": 18, "object_id": "1", "object_repr": "Learn how use react with django-In this article, You'll b....", "action_flag": 2, "change_message": "[{\"changed\": {\"fields\": [\"Send news letter\"]}}]"}}, {"model": "admin.logentry", "pk": 186, "fields": {"action_time": "2022-11-26T18:33:00.261Z", "user": 1, "content_type": 18, "object_id": "1", "object_repr": "Learn how use react with django-In this article, You'll b....", "action_flag": 2, "change_message": "[{\"changed\": {\"fields\": [\"Send news letter\"]}}]"}}, {"model": "admin.logentry", "pk": 187, "fields": {"action_time": "2022-11-28T19:25:20.530Z", "user": 1, "content_type": 18, "object_id": "1", "object_repr": "Learn how use react with django-In this article, You'll b....", "action_flag": 2, "change_message": "[{\"changed\": {\"fields\": [\"Send news letter\"]}}]"}}, {"model": "admin.logentry", "pk": 188, "fields": {"action_time": "2022-11-28T19:26:14.500Z", "user": 1, "content_type": 18, "object_id": "1", "object_repr": "Learn how use react with django-In this article, You'll b....", "action_flag": 2, "change_message": "[{\"changed\": {\"fields\": [\"Send news letter\"]}}]"}}, {"model": "admin.logentry", "pk": 189, "fields": {"action_time": "2022-11-28T19:28:40.832Z", "user": 1, "content_type": 18, "object_id": "1", "object_repr": "Learn how use react with django-In this article, You'll b....", "action_flag": 2, "change_message": "[{\"changed\": {\"fields\": [\"Send news letter\"]}}]"}}, {"model": "admin.logentry", "pk": 190, "fields": {"action_time": "2022-11-28T19:30:45.666Z", "user": 1, "content_type": 18, "object_id": "1", "object_repr": "Learn how use react with django-In this article, You'll b....", "action_flag": 2, "change_message": "[{\"changed\": {\"fields\": [\"Send news letter\"]}}]"}}, {"model": "admin.logentry", "pk": 191, "fields": {"action_time": "2022-11-28T19:34:41.815Z", "user": 1, "content_type": 18, "object_id": "1", "object_repr": "Learn how use react with django-In this article, You'll b....", "action_flag": 2, "change_message": "[{\"changed\": {\"fields\": [\"Send news letter\"]}}]"}}, {"model": "admin.logentry", "pk": 192, "fields": {"action_time": "2022-11-28T19:36:56.672Z", "user": 1, "content_type": 18, "object_id": "1", "object_repr": "Learn how use react with django-In this article, You'll b....", "action_flag": 2, "change_message": "[{\"changed\": {\"fields\": [\"Send news letter\"]}}]"}}, {"model": "admin.logentry", "pk": 193, "fields": {"action_time": "2022-11-28T19:44:33.574Z", "user": 1, "content_type": 18, "object_id": "1", "object_repr": "Learn how use react with django-In this article, You'll b....", "action_flag": 2, "change_message": "[{\"changed\": {\"fields\": [\"Send news letter\"]}}]"}}, {"model": "admin.logentry", "pk": 194, "fields": {"action_time": "2022-11-28T19:45:35.012Z", "user": 1, "content_type": 18, "object_id": "1", "object_repr": "Learn how use react with django-In this article, You'll b....", "action_flag": 2, "change_message": "[{\"changed\": {\"fields\": [\"Send news letter\"]}}]"}}, {"model": "admin.logentry", "pk": 195, "fields": {"action_time": "2022-11-28T19:47:57.378Z", "user": 1, "content_type": 18, "object_id": "1", "object_repr": "Learn how use react with django-In this article, You'll b....", "action_flag": 2, "change_message": "[{\"changed\": {\"fields\": [\"Send news letter\"]}}]"}}, {"model": "admin.logentry", "pk": 196, "fields": {"action_time": "2022-11-28T19:50:44.929Z", "user": 1, "content_type": 18, "object_id": "1", "object_repr": "Learn how use react with django-In this article, You'll b....", "action_flag": 2, "change_message": "[{\"changed\": {\"fields\": [\"Send news letter\"]}}]"}}, {"model": "admin.logentry", "pk": 197, "fields": {"action_time": "2022-11-29T16:49:56.085Z", "user": 1, "content_type": 18, "object_id": "1", "object_repr": "Learn how use react with django-In this article, You'll b....", "action_flag": 2, "change_message": "[]"}}, {"model": "admin.logentry", "pk": 198, "fields": {"action_time": "2022-11-29T16:52:21.534Z", "user": 1, "content_type": 18, "object_id": "1", "object_repr": "Learn how use react with django-In this article, You'll b....", "action_flag": 2, "change_message": "[{\"changed\": {\"fields\": [\"Send news letter\"]}}]"}}, {"model": "admin.logentry", "pk": 199, "fields": {"action_time": "2022-11-29T16:56:35.544Z", "user": 1, "content_type": 18, "object_id": "1", "object_repr": "Learn how use react with django-In this article, You'll b....", "action_flag": 2, "change_message": "[{\"changed\": {\"fields\": [\"Send news letter\"]}}]"}}, {"model": "admin.logentry", "pk": 200, "fields": {"action_time": "2022-11-29T17:00:21.451Z", "user": 1, "content_type": 18, "object_id": "1", "object_repr": "Learn how use react with django-In this article, You'll b....", "action_flag": 2, "change_message": "[{\"changed\": {\"fields\": [\"Send news letter\"]}}]"}}, {"model": "admin.logentry", "pk": 201, "fields": {"action_time": "2022-11-29T18:07:25.921Z", "user": 1, "content_type": 18, "object_id": "1", "object_repr": "Learn how use react with django-In this article, You'll b....", "action_flag": 2, "change_message": "[{\"changed\": {\"fields\": [\"Send news letter\"]}}]"}}, {"model": "admin.logentry", "pk": 202, "fields": {"action_time": "2022-11-29T18:09:32.436Z", "user": 1, "content_type": 18, "object_id": "1", "object_repr": "Learn how use react with django-In this article, You'll b....", "action_flag": 2, "change_message": "[{\"changed\": {\"fields\": [\"Send news letter\"]}}]"}}, {"model": "admin.logentry", "pk": 203, "fields": {"action_time": "2022-11-30T10:53:10.642Z", "user": 1, "content_type": 31, "object_id": "1", "object_repr": "victor okolie", "action_flag": 2, "change_message": "[{\"changed\": {\"fields\": [\"Bio\"]}}]"}}, {"model": "admin.logentry", "pk": 204, "fields": {"action_time": "2022-12-01T17:56:26.511Z", "user": 1, "content_type": 31, "object_id": "1", "object_repr": "victor okolie", "action_flag": 2, "change_message": "[{\"changed\": {\"fields\": [\"Github\", \"Twitter\", \"Linkedin\", \"Youtube\"]}}]"}}, {"model": "admin.logentry", "pk": 205, "fields": {"action_time": "2022-12-01T20:47:05.921Z", "user": 1, "content_type": 31, "object_id": "1", "object_repr": "victor okolie", "action_flag": 2, "change_message": "[{\"changed\": {\"fields\": [\"Location\"]}}]"}}, {"model": "admin.logentry", "pk": 206, "fields": {"action_time": "2022-12-02T08:11:36.010Z", "user": 1, "content_type": 16, "object_id": "3", "object_repr": "HTTP status codes/messages and what they signify", "action_flag": 2, "change_message": "[]"}}, {"model": "admin.logentry", "pk": 207, "fields": {"action_time": "2022-12-02T08:11:41.886Z", "user": 1, "content_type": 16, "object_id": "2", "object_repr": "How to host your django media files in production  with AWS S3 Bucket", "action_flag": 2, "change_message": "[]"}}, {"model": "admin.logentry", "pk": 208, "fields": {"action_time": "2022-12-02T08:11:51.842Z", "user": 1, "content_type": 16, "object_id": "1", "object_repr": "Top alternatives of herokuapp free web hosting", "action_flag": 2, "change_message": "[]"}}, {"model": "admin.logentry", "pk": 209, "fields": {"action_time": "2022-12-02T23:04:27.407Z", "user": 1, "content_type": 25, "object_id": "9", "object_repr": "Snapchat bot - x12", "action_flag": 3, "change_message": ""}}, {"model": "admin.logentry", "pk": 210, "fields": {"action_time": "2022-12-05T22:23:17.145Z", "user": 1, "content_type": 23, "object_id": "2", "object_repr": "Snapchat bot", "action_flag": 2, "change_message": "[{\"changed\": {\"fields\": [\"File\"]}}]"}}, {"model": "admin.logentry", "pk": 211, "fields": {"action_time": "2022-12-05T22:24:08.917Z", "user": 1, "content_type": 23, "object_id": "2", "object_repr": "Snapchat bot", "action_flag": 2, "change_message": "[{\"changed\": {\"fields\": [\"Rating\"]}}]"}}, {"model": "admin.logentry", "pk": 212, "fields": {"action_time": "2022-12-05T22:28:39.774Z", "user": 1, "content_type": 23, "object_id": "2", "object_repr": "Snapchat bot", "action_flag": 2, "change_message": "[{\"changed\": {\"fields\": [\"Rating\"]}}]"}}, {"model": "admin.logentry", "pk": 213, "fields": {"action_time": "2022-12-05T22:44:24.367Z", "user": 1, "content_type": 23, "object_id": "2", "object_repr": "Snapchat bot", "action_flag": 2, "change_message": "[{\"changed\": {\"fields\": [\"Rating\", \"Combined ratings\"]}}]"}}, {"model": "admin.logentry", "pk": 214, "fields": {"action_time": "2022-12-07T11:56:02.597Z", "user": 1, "content_type": 32, "object_id": "1", "object_repr": "Quest > Snapchat bot - 5.0 stars", "action_flag": 3, "change_message": ""}}, {"model": "admin.logentry", "pk": 215, "fields": {"action_time": "2022-12-07T11:57:23.681Z", "user": 1, "content_type": 32, "object_id": "3", "object_repr": "Quest > Snapchat bot - 4.0 stars", "action_flag": 3, "change_message": ""}}, {"model": "admin.logentry", "pk": 216, "fields": {"action_time": "2022-12-07T11:57:24.151Z", "user": 1, "content_type": 32, "object_id": "2", "object_repr": "Quest > Snapchat bot - 4.0 stars", "action_flag": 3, "change_message": ""}}, {"model": "admin.logentry", "pk": 217, "fields": {"action_time": "2022-12-08T07:55:29.196Z", "user": 1, "content_type": 32, "object_id": "12", "object_repr": "Quest > Snapchat bot - 5.0 stars", "action_flag": 3, "change_message": ""}}, {"model": "admin.logentry", "pk": 218, "fields": {"action_time": "2022-12-08T07:55:29.468Z", "user": 1, "content_type": 32, "object_id": "11", "object_repr": "Quest > Snapchat bot - 5.0 stars", "action_flag": 3, "change_message": ""}}, {"model": "admin.logentry", "pk": 219, "fields": {"action_time": "2022-12-08T07:55:29.585Z", "user": 1, "content_type": 32, "object_id": "10", "object_repr": "Quest > Snapchat bot - 4.0 stars", "action_flag": 3, "change_message": ""}}, {"model": "admin.logentry", "pk": 220, "fields": {"action_time": "2022-12-08T07:55:29.745Z", "user": 1, "content_type": 32, "object_id": "9", "object_repr": "Quest > Snapchat bot - 4.0 stars", "action_flag": 3, "change_message": ""}}, {"model": "admin.logentry", "pk": 221, "fields": {"action_time": "2022-12-08T07:55:29.889Z", "user": 1, "content_type": 32, "object_id": "8", "object_repr": "Quest > Snapchat bot - 4.0 stars", "action_flag": 3, "change_message": ""}}, {"model": "admin.logentry", "pk": 222, "fields": {"action_time": "2022-12-08T07:55:30.073Z", "user": 1, "content_type": 32, "object_id": "7", "object_repr": "Quest > Snapchat bot - 3.0 stars", "action_flag": 3, "change_message": ""}}, {"model": "admin.logentry", "pk": 223, "fields": {"action_time": "2022-12-08T07:55:30.258Z", "user": 1, "content_type": 32, "object_id": "6", "object_repr": "Quest > Snapchat bot - 3.0 stars", "action_flag": 3, "change_message": ""}}, {"model": "admin.logentry", "pk": 224, "fields": {"action_time": "2022-12-08T07:55:30.362Z", "user": 1, "content_type": 32, "object_id": "5", "object_repr": "Quest > Snapchat bot - 3.0 stars", "action_flag": 3, "change_message": ""}}, {"model": "admin.logentry", "pk": 225, "fields": {"action_time": "2022-12-08T07:55:30.535Z", "user": 1, "content_type": 32, "object_id": "4", "object_repr": "Quest > Snapchat bot - 4.0 stars", "action_flag": 3, "change_message": ""}}, {"model": "admin.logentry", "pk": 226, "fields": {"action_time": "2023-01-21T17:44:51.984Z", "user": 1, "content_type": 6, "object_id": "2", "object_repr": "127.0.0.1", "action_flag": 2, "change_message": "[{\"changed\": {\"fields\": [\"Domain name\", \"Display name\"]}}]"}}, {"model": "admin.logentry", "pk": 227, "fields": {"action_time": "2023-01-23T01:56:01.814Z", "user": 1, "content_type": 15, "object_id": "1", "object_repr": "HTTP status codes/messages and what they signify", "action_flag": 1, "change_message": "[{\"added\": {}}]"}}, {"model": "admin.logentry", "pk": 228, "fields": {"action_time": "2023-01-23T02:00:25.399Z", "user": 1, "content_type": 15, "object_id": "2", "object_repr": "How to host your django media files in production  with AWS S3 Bucket", "action_flag": 1, "change_message": "[{\"added\": {}}]"}}, {"model": "admin.logentry", "pk": 229, "fields": {"action_time": "2023-01-23T02:00:43.757Z", "user": 1, "content_type": 15, "object_id": "3", "object_repr": "Top alternatives of herokuapp free web hosting", "action_flag": 1, "change_message": "[{\"added\": {}}]"}}, {"model": "admin.logentry", "pk": 230, "fields": {"action_time": "2023-01-23T02:07:19.146Z", "user": 1, "content_type": 16, "object_id": "4", "object_repr": "how to connect cpanel webmail to gmail", "action_flag": 1, "change_message": "[{\"added\": {}}]"}}, {"model": "admin.logentry", "pk": 231, "fields": {"action_time": "2023-01-23T02:14:07.551Z", "user": 1, "content_type": 16, "object_id": "5", "object_repr": "How to create sitemaps for your django website and submit to google", "action_flag": 1, "change_message": "[{\"added\": {}}]"}}, {"model": "admin.logentry", "pk": 232, "fields": {"action_time": "2023-01-23T02:14:38.165Z", "user": 1, "content_type": 15, "object_id": "4", "object_repr": "How to create sitemaps for your django website and submit to google", "action_flag": 1, "change_message": "[{\"added\": {}}]"}}, {"model": "admin.logentry", "pk": 233, "fields": {"action_time": "2023-01-23T02:14:50.332Z", "user": 1, "content_type": 15, "object_id": "5", "object_repr": "how to connect cpanel webmail to gmail", "action_flag": 1, "change_message": "[{\"added\": {}}]"}}, {"model": "admin.logentry", "pk": 234, "fields": {"action_time": "2023-01-23T16:57:09.795Z", "user": 1, "content_type": 19, "object_id": "25", "object_repr": "questcoding2001@gmail.com", "action_flag": 3, "change_message": ""}}, {"model": "admin.logentry", "pk": 235, "fields": {"action_time": "2023-01-23T16:57:09.926Z", "user": 1, "content_type": 19, "object_id": "24", "object_repr": "victorokolie2001@gmail.com", "action_flag": 3, "change_message": ""}}, {"model": "admin.logentry", "pk": 236, "fields": {"action_time": "2023-02-23T18:43:54.794Z", "user": 1, "content_type": 32, "object_id": "2", "object_repr": "undeniable > Snapchat bot - 4.0 stars", "action_flag": 3, "change_message": ""}}, {"model": "admin.logentry", "pk": 237, "fields": {"action_time": "2023-02-23T20:09:16.459Z", "user": 1, "content_type": 32, "object_id": "3", "object_repr": "undeniable > Snapchat bot - 4.0 stars", "action_flag": 3, "change_message": ""}}, {"model": "admin.logentry", "pk": 238, "fields": {"action_time": "2023-02-25T10:12:02.374Z", "user": 1, "content_type": 32, "object_id": "1", "object_repr": "Quest > Snapchat bot - 2.0 stars", "action_flag": 3, "change_message": ""}}, {"model": "admin.logentry", "pk": 239, "fields": {"action_time": "2023-02-25T10:32:15.805Z", "user": 1, "content_type": 32, "object_id": "5", "object_repr": "undeniable > Telegram bot - 1.0 stars", "action_flag": 3, "change_message": ""}}, {"model": "admin.logentry", "pk": 240, "fields": {"action_time": "2023-02-25T10:32:31.560Z", "user": 1, "content_type": 32, "object_id": "4", "object_repr": "Quest > Telegram bot - 5.0 stars", "action_flag": 3, "change_message": ""}}, {"model": "admin.logentry", "pk": 241, "fields": {"action_time": "2023-02-25T10:59:51.267Z", "user": 1, "content_type": 32, "object_id": "6", "object_repr": "Quest > Telegram bot - 1.0 stars", "action_flag": 3, "change_message": ""}}, {"model": "admin.logentry", "pk": 242, "fields": {"action_time": "2023-02-25T11:00:39.876Z", "user": 1, "content_type": 32, "object_id": "7", "object_repr": "Quest > Telegram bot - 1.0 stars", "action_flag": 3, "change_message": ""}}, {"model": "admin.logentry", "pk": 243, "fields": {"action_time": "2023-02-25T11:39:46.337Z", "user": 1, "content_type": 32, "object_id": "10", "object_repr": "Quest > Snapchat bot - 4.0 stars", "action_flag": 3, "change_message": ""}}, {"model": "admin.logentry", "pk": 244, "fields": {"action_time": "2023-02-25T11:41:42.120Z", "user": 1, "content_type": 32, "object_id": "11", "object_repr": "Quest > Snapchat bot - 5.0 stars", "action_flag": 3, "change_message": ""}}, {"model": "admin.logentry", "pk": 245, "fields": {"action_time": "2023-02-25T13:16:42.765Z", "user": 1, "content_type": 32, "object_id": "12", "object_repr": "Quest > Snapchat bot - 4.0 stars", "action_flag": 3, "change_message": ""}}, {"model": "admin.logentry", "pk": 246, "fields": {"action_time": "2023-02-25T13:20:38.237Z", "user": 1, "content_type": 32, "object_id": "13", "object_repr": "Quest > Snapchat bot - 5.0 stars", "action_flag": 3, "change_message": ""}}, {"model": "admin.logentry", "pk": 247, "fields": {"action_time": "2023-02-25T13:27:56.850Z", "user": 1, "content_type": 23, "object_id": "2", "object_repr": "Snapchat bot", "action_flag": 2, "change_message": "[{\"changed\": {\"fields\": [\"Rating\", \"Combined ratings\", \"Total ratings\"]}}]"}}, {"model": "admin.logentry", "pk": 248, "fields": {"action_time": "2023-02-25T13:29:14.663Z", "user": 1, "content_type": 23, "object_id": "1", "object_repr": "Telegram bot", "action_flag": 2, "change_message": "[{\"changed\": {\"fields\": [\"File\", \"Combined ratings\"]}}]"}}, {"model": "admin.logentry", "pk": 249, "fields": {"action_time": "2023-02-25T13:34:58.050Z", "user": 1, "content_type": 23, "object_id": "2", "object_repr": "Snapchat bot", "action_flag": 3, "change_message": ""}}, {"model": "admin.logentry", "pk": 250, "fields": {"action_time": "2023-02-25T13:34:58.166Z", "user": 1, "content_type": 23, "object_id": "1", "object_repr": "Telegram bot", "action_flag": 3, "change_message": ""}}, {"model": "admin.logentry", "pk": 251, "fields": {"action_time": "2023-02-25T13:49:02.897Z", "user": 1, "content_type": 23, "object_id": "3", "object_repr": "Telegram bot", "action_flag": 1, "change_message": "[{\"added\": {}}]"}}, {"model": "admin.logentry", "pk": 252, "fields": {"action_time": "2023-02-25T13:55:11.421Z", "user": 1, "content_type": 23, "object_id": "4", "object_repr": "Snapchat bot", "action_flag": 1, "change_message": "[{\"added\": {}}]"}}, {"model": "admin.logentry", "pk": 253, "fields": {"action_time": "2023-02-25T14:09:16.683Z", "user": 1, "content_type": 23, "object_id": "4", "object_repr": "Snapchat bot", "action_flag": 3, "change_message": ""}}, {"model": "admin.logentry", "pk": 254, "fields": {"action_time": "2023-02-25T14:09:16.840Z", "user": 1, "content_type": 23, "object_id": "3", "object_repr": "Telegram bot", "action_flag": 3, "change_message": ""}}, {"model": "admin.logentry", "pk": 255, "fields": {"action_time": "2023-02-25T14:14:11.930Z", "user": 1, "content_type": 23, "object_id": "5", "object_repr": "Snapchat bot", "action_flag": 1, "change_message": "[{\"added\": {}}]"}}, {"model": "admin.logentry", "pk": 256, "fields": {"action_time": "2023-02-25T14:15:26.268Z", "user": 1, "content_type": 23, "object_id": "6", "object_repr": "Telegram bot", "action_flag": 1, "change_message": "[{\"added\": {}}]"}}, {"model": "admin.logentry", "pk": 257, "fields": {"action_time": "2023-02-25T14:16:39.244Z", "user": 1, "content_type": 23, "object_id": "5", "object_repr": "Snapchat bot", "action_flag": 2, "change_message": "[{\"changed\": {\"fields\": [\"Image\"]}}]"}}, {"model": "admin.logentry", "pk": 258, "fields": {"action_time": "2023-02-28T10:28:37.106Z", "user": 1, "content_type": 23, "object_id": "7", "object_repr": "Sheff G - No Suburban, Pt. 2", "action_flag": 1, "change_message": "[{\"added\": {}}]"}}, {"model": "admin.logentry", "pk": 259, "fields": {"action_time": "2023-03-01T22:54:02.104Z", "user": 1, "content_type": 24, "object_id": "9", "object_repr": "No 8 Richard Agbawi Street okoko", "action_flag": 3, "change_message": ""}}, {"model": "admin.logentry", "pk": 260, "fields": {"action_time": "2023-03-01T22:54:02.352Z", "user": 1, "content_type": 24, "object_id": "8", "object_repr": "No 8 Richard Agbawi Street okoko", "action_flag": 3, "change_message": ""}}, {"model": "admin.logentry", "pk": 261, "fields": {"action_time": "2023-03-01T22:54:02.590Z", "user": 1, "content_type": 24, "object_id": "1", "object_repr": "None", "action_flag": 3, "change_message": ""}}, {"model": "admin.logentry", "pk": 262, "fields": {"action_time": "2023-03-01T22:59:00.865Z", "user": 1, "content_type": 24, "object_id": "11", "object_repr": "No 8 Richard Agbawi Street okoko", "action_flag": 3, "change_message": ""}}, {"model": "admin.logentry", "pk": 263, "fields": {"action_time": "2023-03-01T22:59:01.146Z", "user": 1, "content_type": 24, "object_id": "10", "object_repr": "No 8 Richard Agbawi Street okoko", "action_flag": 3, "change_message": ""}}, {"model": "admin.logentry", "pk": 264, "fields": {"action_time": "2023-03-02T08:05:59.202Z", "user": 1, "content_type": 24, "object_id": "13", "object_repr": "No 8 Richard Agbawi Street okoko", "action_flag": 3, "change_message": ""}}, {"model": "admin.logentry", "pk": 265, "fields": {"action_time": "2023-03-02T08:05:59.327Z", "user": 1, "content_type": 24, "object_id": "12", "object_repr": "No 8 Richard Agbawi Street okoko", "action_flag": 3, "change_message": ""}}, {"model": "admin.logentry", "pk": 266, "fields": {"action_time": "2023-03-02T08:07:26.198Z", "user": 1, "content_type": 22, "object_id": "11", "object_repr": "7d77b8eb98c1a9426a9bb499bcde115445e8", "action_flag": 3, "change_message": ""}}, {"model": "admin.logentry", "pk": 267, "fields": {"action_time": "2023-03-02T08:07:26.273Z", "user": 1, "content_type": 22, "object_id": "10", "object_repr": "dce4065231cf334b033abd339def8217cbe7", "action_flag": 3, "change_message": ""}}, {"model": "admin.logentry", "pk": 268, "fields": {"action_time": "2023-03-02T08:07:26.542Z", "user": 1, "content_type": 22, "object_id": "9", "object_repr": "e6fdad2454d785451258f5850f9c62deca02", "action_flag": 3, "change_message": ""}}, {"model": "admin.logentry", "pk": 269, "fields": {"action_time": "2023-03-02T08:07:26.630Z", "user": 1, "content_type": 22, "object_id": "8", "object_repr": "ab1e02ec5274554d515b671538d2f1f77d0c", "action_flag": 3, "change_message": ""}}, {"model": "admin.logentry", "pk": 270, "fields": {"action_time": "2023-03-02T08:07:26.754Z", "user": 1, "content_type": 22, "object_id": "7", "object_repr": "f04a81710840f04305089590ea260eb06e11", "action_flag": 3, "change_message": ""}}, {"model": "admin.logentry", "pk": 271, "fields": {"action_time": "2023-03-02T08:07:26.864Z", "user": 1, "content_type": 22, "object_id": "6", "object_repr": "a790f2639f1329416a98b2697f1e1ec8be4a", "action_flag": 3, "change_message": ""}}, {"model": "admin.logentry", "pk": 272, "fields": {"action_time": "2023-03-02T08:07:27.079Z", "user": 1, "content_type": 22, "object_id": "5", "object_repr": "03ac226529fd2244672a86a27475197454fe", "action_flag": 3, "change_message": ""}}, {"model": "admin.logentry", "pk": 273, "fields": {"action_time": "2023-03-02T08:24:23.459Z", "user": 1, "content_type": 24, "object_id": "1", "object_repr": "No 8 Richard Agbawi Street okoko", "action_flag": 3, "change_message": ""}}, {"model": "admin.logentry", "pk": 274, "fields": {"action_time": "2023-03-02T09:06:20.915Z", "user": 1, "content_type": 24, "object_id": "15", "object_repr": "No 8 Richard Agbawi Street okoko", "action_flag": 3, "change_message": ""}}, {"model": "admin.logentry", "pk": 275, "fields": {"action_time": "2023-03-02T09:06:21.133Z", "user": 1, "content_type": 24, "object_id": "14", "object_repr": "No 8 Richard Agbawi Street okoko", "action_flag": 3, "change_message": ""}}, {"model": "admin.logentry", "pk": 276, "fields": {"action_time": "2023-03-02T09:15:57.528Z", "user": 1, "content_type": 24, "object_id": "17", "object_repr": "No 8 Richard Agbawi Street okoko", "action_flag": 3, "change_message": ""}}, {"model": "admin.logentry", "pk": 277, "fields": {"action_time": "2023-03-02T09:15:57.777Z", "user": 1, "content_type": 24, "object_id": "16", "object_repr": "No 8 Richard Agbawi Street okoko", "action_flag": 3, "change_message": ""}}, {"model": "admin.logentry", "pk": 278, "fields": {"action_time": "2023-03-02T11:24:48.272Z", "user": 1, "content_type": 24, "object_id": "19", "object_repr": "No 8 Richard Agbawi Street okoko", "action_flag": 3, "change_message": ""}}, {"model": "admin.logentry", "pk": 279, "fields": {"action_time": "2023-03-02T11:24:48.399Z", "user": 1, "content_type": 24, "object_id": "18", "object_repr": "No 8 Richard Agbawi Street okoko", "action_flag": 3, "change_message": ""}}, {"model": "admin.logentry", "pk": 280, "fields": {"action_time": "2023-03-03T19:30:46.702Z", "user": 1, "content_type": 22, "object_id": "18", "object_repr": "30c5979a105c7e10436d10a81c10f90d8c22a4e8", "action_flag": 3, "change_message": ""}}, {"model": "admin.logentry", "pk": 281, "fields": {"action_time": "2023-03-03T19:30:46.830Z", "user": 1, "content_type": 22, "object_id": "17", "object_repr": "c629de451ed0c1498b1b19d1529bc28e8246", "action_flag": 3, "change_message": ""}}, {"model": "admin.logentry", "pk": 282, "fields": {"action_time": "2023-03-03T19:30:46.947Z", "user": 1, "content_type": 22, "object_id": "16", "object_repr": "75a612a67d21374e8279f517326f88b4b87c", "action_flag": 3, "change_message": ""}}, {"model": "admin.logentry", "pk": 283, "fields": {"action_time": "2023-03-03T19:30:47.062Z", "user": 1, "content_type": 22, "object_id": "15", "object_repr": "b3a34df778ee674a9a7b2b079383f52bc65e", "action_flag": 3, "change_message": ""}}, {"model": "admin.logentry", "pk": 284, "fields": {"action_time": "2023-03-03T19:30:47.214Z", "user": 1, "content_type": 22, "object_id": "14", "object_repr": "5b769f40603e5647e86ba62602ebf91c7aa6", "action_flag": 3, "change_message": ""}}, {"model": "admin.logentry", "pk": 285, "fields": {"action_time": "2023-03-03T19:30:47.334Z", "user": 1, "content_type": 22, "object_id": "13", "object_repr": "bf124d3848be544d734b5d94bade66756c5b", "action_flag": 3, "change_message": ""}}, {"model": "admin.logentry", "pk": 286, "fields": {"action_time": "2023-03-03T19:30:47.606Z", "user": 1, "content_type": 22, "object_id": "12", "object_repr": "f863e2145c4c25477f5acf1520e213630ed4", "action_flag": 3, "change_message": ""}}, {"model": "admin.logentry", "pk": 287, "fields": {"action_time": "2023-03-03T19:31:13.800Z", "user": 1, "content_type": 24, "object_id": "20", "object_repr": "No 8 Richard Agbawi Street okoko", "action_flag": 3, "change_message": ""}}, {"model": "admin.logentry", "pk": 288, "fields": {"action_time": "2023-03-03T20:06:08.735Z", "user": 1, "content_type": 25, "object_id": "35", "object_repr": "Telegram bot - x1", "action_flag": 3, "change_message": ""}}, {"model": "admin.logentry", "pk": 289, "fields": {"action_time": "2023-03-03T20:06:08.895Z", "user": 1, "content_type": 25, "object_id": "34", "object_repr": "Telegram bot - x1", "action_flag": 3, "change_message": ""}}, {"model": "admin.logentry", "pk": 290, "fields": {"action_time": "2023-03-03T20:06:08.991Z", "user": 1, "content_type": 25, "object_id": "33", "object_repr": "Sheff G - No Suburban, Pt. 2 - x1", "action_flag": 3, "change_message": ""}}, {"model": "admin.logentry", "pk": 291, "fields": {"action_time": "2023-03-03T20:06:09.127Z", "user": 1, "content_type": 25, "object_id": "31", "object_repr": "Telegram bot - x1", "action_flag": 3, "change_message": ""}}, {"model": "admin.logentry", "pk": 292, "fields": {"action_time": "2023-03-03T20:06:09.247Z", "user": 1, "content_type": 25, "object_id": "30", "object_repr": "Sheff G - No Suburban, Pt. 2 - x1", "action_flag": 3, "change_message": ""}}, {"model": "admin.logentry", "pk": 293, "fields": {"action_time": "2023-03-03T20:06:09.359Z", "user": 1, "content_type": 25, "object_id": "29", "object_repr": "Sheff G - No Suburban, Pt. 2 - x1", "action_flag": 3, "change_message": ""}}, {"model": "admin.logentry", "pk": 294, "fields": {"action_time": "2023-03-03T20:06:09.503Z", "user": 1, "content_type": 25, "object_id": "28", "object_repr": "Telegram bot - x1", "action_flag": 3, "change_message": ""}}, {"model": "admin.logentry", "pk": 295, "fields": {"action_time": "2023-03-03T20:06:09.639Z", "user": 1, "content_type": 25, "object_id": "27", "object_repr": "Sheff G - No Suburban, Pt. 2 - x1", "action_flag": 3, "change_message": ""}}, {"model": "admin.logentry", "pk": 296, "fields": {"action_time": "2023-03-03T20:06:09.728Z", "user": 1, "content_type": 25, "object_id": "26", "object_repr": "Sheff G - No Suburban, Pt. 2 - x1", "action_flag": 3, "change_message": ""}}, {"model": "admin.logentry", "pk": 297, "fields": {"action_time": "2023-03-03T20:06:09.896Z", "user": 1, "content_type": 25, "object_id": "25", "object_repr": "Snapchat bot - x1", "action_flag": 3, "change_message": ""}}, {"model": "admin.logentry", "pk": 298, "fields": {"action_time": "2023-03-03T20:06:10.085Z", "user": 1, "content_type": 25, "object_id": "24", "object_repr": "Sheff G - No Suburban, Pt. 2 - x1", "action_flag": 3, "change_message": ""}}, {"model": "admin.logentry", "pk": 299, "fields": {"action_time": "2023-03-03T20:06:10.293Z", "user": 1, "content_type": 25, "object_id": "23", "object_repr": "Snapchat bot - x1", "action_flag": 3, "change_message": ""}}, {"model": "admin.logentry", "pk": 300, "fields": {"action_time": "2023-03-03T20:06:10.485Z", "user": 1, "content_type": 25, "object_id": "22", "object_repr": "Telegram bot - x1", "action_flag": 3, "change_message": ""}}, {"model": "admin.logentry", "pk": 301, "fields": {"action_time": "2023-03-03T20:06:10.597Z", "user": 1, "content_type": 25, "object_id": "21", "object_repr": "Sheff G - No Suburban, Pt. 2 - x1", "action_flag": 3, "change_message": ""}}, {"model": "admin.logentry", "pk": 302, "fields": {"action_time": "2023-03-03T20:06:10.693Z", "user": 1, "content_type": 25, "object_id": "20", "object_repr": "Sheff G - No Suburban, Pt. 2 - x1", "action_flag": 3, "change_message": ""}}, {"model": "admin.logentry", "pk": 303, "fields": {"action_time": "2023-03-03T20:06:10.781Z", "user": 1, "content_type": 25, "object_id": "6", "object_repr": "None - x1", "action_flag": 3, "change_message": ""}}, {"model": "admin.logentry", "pk": 304, "fields": {"action_time": "2023-03-05T20:50:21.247Z", "user": 1, "content_type": 24, "object_id": "24", "object_repr": "No 8 Richard Agbawi Street okoko", "action_flag": 3, "change_message": ""}}, {"model": "admin.logentry", "pk": 305, "fields": {"action_time": "2023-03-05T20:50:21.399Z", "user": 1, "content_type": 24, "object_id": "23", "object_repr": "No 8 Richard Agbawi Street okoko", "action_flag": 3, "change_message": ""}}, {"model": "admin.logentry", "pk": 306, "fields": {"action_time": "2023-03-05T20:50:21.543Z", "user": 1, "content_type": 24, "object_id": "22", "object_repr": "No 8 Richard Agbawi Street okoko", "action_flag": 3, "change_message": ""}}, {"model": "admin.logentry", "pk": 307, "fields": {"action_time": "2023-03-05T20:50:21.736Z", "user": 1, "content_type": 24, "object_id": "21", "object_repr": "No 8 Richard Agbawi Street okoko", "action_flag": 3, "change_message": ""}}, {"model": "admin.logentry", "pk": 308, "fields": {"action_time": "2023-03-05T21:45:33.953Z", "user": 1, "content_type": 24, "object_id": "25", "object_repr": "No 8 Richard Agbawi Street okoko", "action_flag": 3, "change_message": ""}}, {"model": "admin.logentry", "pk": 309, "fields": {"action_time": "2023-03-05T22:50:17.313Z", "user": 1, "content_type": 18, "object_id": "1", "object_repr": "Learn how use react with django-In this article, You'll b....", "action_flag": 2, "change_message": "[{\"changed\": {\"fields\": [\"Send news letter\"]}}]"}}, {"model": "admin.logentry", "pk": 310, "fields": {"action_time": "2023-03-06T00:02:02.524Z", "user": 1, "content_type": 25, "object_id": "50", "object_repr": "Sheff G - No Suburban, Pt. 2 - x10", "action_flag": 3, "change_message": ""}}, {"model": "admin.logentry", "pk": 311, "fields": {"action_time": "2023-03-06T00:02:02.642Z", "user": 1, "content_type": 25, "object_id": "49", "object_repr": "Snapchat bot - x11", "action_flag": 3, "change_message": ""}}, {"model": "admin.logentry", "pk": 312, "fields": {"action_time": "2023-03-06T00:02:02.863Z", "user": 1, "content_type": 25, "object_id": "48", "object_repr": "Telegram bot - x30", "action_flag": 3, "change_message": ""}}, {"model": "admin.logentry", "pk": 313, "fields": {"action_time": "2023-03-06T00:02:03.003Z", "user": 1, "content_type": 25, "object_id": "47", "object_repr": "Snapchat bot - x1", "action_flag": 3, "change_message": ""}}, {"model": "admin.logentry", "pk": 314, "fields": {"action_time": "2023-03-06T00:02:03.196Z", "user": 1, "content_type": 25, "object_id": "46", "object_repr": "Sheff G - No Suburban, Pt. 2 - x1", "action_flag": 3, "change_message": ""}}, {"model": "admin.logentry", "pk": 315, "fields": {"action_time": "2023-03-06T00:02:03.410Z", "user": 1, "content_type": 25, "object_id": "45", "object_repr": "Sheff G - No Suburban, Pt. 2 - x1", "action_flag": 3, "change_message": ""}}, {"model": "admin.logentry", "pk": 316, "fields": {"action_time": "2023-03-06T00:02:03.620Z", "user": 1, "content_type": 25, "object_id": "44", "object_repr": "Telegram bot - x1", "action_flag": 3, "change_message": ""}}, {"model": "admin.logentry", "pk": 317, "fields": {"action_time": "2023-03-06T00:02:03.731Z", "user": 1, "content_type": 25, "object_id": "43", "object_repr": "Sheff G - No Suburban, Pt. 2 - x1", "action_flag": 3, "change_message": ""}}, {"model": "admin.logentry", "pk": 318, "fields": {"action_time": "2023-03-06T00:02:03.853Z", "user": 1, "content_type": 25, "object_id": "42", "object_repr": "Telegram bot - x1", "action_flag": 3, "change_message": ""}}, {"model": "admin.logentry", "pk": 319, "fields": {"action_time": "2023-03-06T00:02:03.985Z", "user": 1, "content_type": 25, "object_id": "41", "object_repr": "Snapchat bot - x2", "action_flag": 3, "change_message": ""}}, {"model": "admin.logentry", "pk": 320, "fields": {"action_time": "2023-03-06T00:02:04.074Z", "user": 1, "content_type": 25, "object_id": "40", "object_repr": "Snapchat bot - x1", "action_flag": 3, "change_message": ""}}, {"model": "admin.logentry", "pk": 321, "fields": {"action_time": "2023-03-06T00:02:04.197Z", "user": 1, "content_type": 25, "object_id": "39", "object_repr": "Telegram bot - x1", "action_flag": 3, "change_message": ""}}, {"model": "admin.logentry", "pk": 322, "fields": {"action_time": "2023-03-06T00:02:04.296Z", "user": 1, "content_type": 25, "object_id": "38", "object_repr": "Sheff G - No Suburban, Pt. 2 - x1", "action_flag": 3, "change_message": ""}}, {"model": "admin.logentry", "pk": 323, "fields": {"action_time": "2023-03-06T00:02:04.397Z", "user": 1, "content_type": 25, "object_id": "37", "object_repr": "Telegram bot - x2", "action_flag": 3, "change_message": ""}}, {"model": "admin.logentry", "pk": 324, "fields": {"action_time": "2023-03-06T00:02:04.519Z", "user": 1, "content_type": 25, "object_id": "36", "object_repr": "Sheff G - No Suburban, Pt. 2 - x1", "action_flag": 3, "change_message": ""}}, {"model": "admin.logentry", "pk": 325, "fields": {"action_time": "2023-03-06T11:50:50.473Z", "user": 1, "content_type": 25, "object_id": "51", "object_repr": "Telegram bot - x3", "action_flag": 2, "change_message": "[{\"changed\": {\"fields\": [\"Quantity\"]}}]"}}, {"model": "admin.logentry", "pk": 326, "fields": {"action_time": "2023-03-06T11:51:00.557Z", "user": 1, "content_type": 25, "object_id": "52", "object_repr": "Sheff G - No Suburban, Pt. 2 - x2", "action_flag": 2, "change_message": "[{\"changed\": {\"fields\": [\"Quantity\"]}}]"}}, {"model": "admin.logentry", "pk": 327, "fields": {"action_time": "2023-03-06T11:51:07.868Z", "user": 1, "content_type": 25, "object_id": "53", "object_repr": "Snapchat bot - x3", "action_flag": 2, "change_message": "[{\"changed\": {\"fields\": [\"Quantity\"]}}]"}}, {"model": "admin.logentry", "pk": 328, "fields": {"action_time": "2023-03-08T11:36:53.498Z", "user": 1, "content_type": 31, "object_id": "1", "object_repr": "victor okolie", "action_flag": 2, "change_message": "[{\"changed\": {\"fields\": [\"Github\"]}}]"}}, {"model": "admin.logentry", "pk": 329, "fields": {"action_time": "2023-03-08T11:43:10.557Z", "user": 1, "content_type": 12, "object_id": "11", "object_repr": "Vyktor", "action_flag": 3, "change_message": ""}}, {"model": "admin.logentry", "pk": 330, "fields": {"action_time": "2023-03-08T11:43:10.688Z", "user": 1, "content_type": 12, "object_id": "10", "object_repr": "undeniable", "action_flag": 3, "change_message": ""}}, {"model": "admin.logentry", "pk": 331, "fields": {"action_time": "2023-03-08T11:43:47.652Z", "user": 1, "content_type": 12, "object_id": "1", "object_repr": "Quest", "action_flag": 2, "change_message": "[{\"changed\": {\"fields\": [\"Email\"]}}]"}}, {"model": "admin.logentry", "pk": 332, "fields": {"action_time": "2023-03-08T12:57:20.790Z", "user": 1, "content_type": 10, "object_id": "1", "object_repr": "quest-coding-blog", "action_flag": 1, "change_message": "[{\"added\": {}}]"}}, {"model": "admin.logentry", "pk": 333, "fields": {"action_time": "2023-03-08T12:58:03.480Z", "user": 1, "content_type": 7, "object_id": "1", "object_repr": "questcoding2001@gmail.com", "action_flag": 3, "change_message": ""}}, {"model": "admin.logentry", "pk": 334, "fields": {"action_time": "2023-03-08T12:58:16.602Z", "user": 1, "content_type": 12, "object_id": "12", "object_repr": "quest1", "action_flag": 3, "change_message": ""}}, {"model": "admin.logentry", "pk": 335, "fields": {"action_time": "2023-03-08T13:27:00.697Z", "user": 1, "content_type": 10, "object_id": "1", "object_repr": "Google sso", "action_flag": 2, "change_message": "[{\"changed\": {\"fields\": [\"Name\"]}}]"}}, {"model": "admin.logentry", "pk": 336, "fields": {"action_time": "2023-03-08T13:52:51.730Z", "user": 1, "content_type": 10, "object_id": "2", "object_repr": "Github SSO", "action_flag": 1, "change_message": "[{\"added\": {}}]"}}, {"model": "admin.logentry", "pk": 337, "fields": {"action_time": "2023-03-08T13:53:20.373Z", "user": 1, "content_type": 10, "object_id": "1", "object_repr": "Google SSO", "action_flag": 2, "change_message": "[{\"changed\": {\"fields\": [\"Name\"]}}]"}}, {"model": "admin.logentry", "pk": 338, "fields": {"action_time": "2023-03-08T13:55:52.156Z", "user": 1, "content_type": 10, "object_id": "2", "object_repr": "Github SSO", "action_flag": 2, "change_message": "[{\"changed\": {\"fields\": [\"Client id\"]}}]"}}, {"model": "admin.logentry", "pk": 339, "fields": {"action_time": "2023-03-08T14:43:03.240Z", "user": 1, "content_type": 33, "object_id": "1", "object_repr": "Download object (1)", "action_flag": 1, "change_message": "[{\"added\": {}}]"}}, {"model": "admin.logentry", "pk": 340, "fields": {"action_time": "2023-03-08T20:17:26.803Z", "user": 1, "content_type": 33, "object_id": "4", "object_repr": "Download object (4)", "action_flag": 3, "change_message": ""}}, {"model": "admin.logentry", "pk": 341, "fields": {"action_time": "2023-03-08T20:17:27.031Z", "user": 1, "content_type": 33, "object_id": "1", "object_repr": "Download object (1)", "action_flag": 3, "change_message": ""}}, {"model": "admin.logentry", "pk": 342, "fields": {"action_time": "2023-03-08T21:07:40.994Z", "user": 1, "content_type": 33, "object_id": "12", "object_repr": "Download object (12)", "action_flag": 3, "change_message": ""}}, {"model": "admin.logentry", "pk": 343, "fields": {"action_time": "2023-03-08T21:07:41.154Z", "user": 1, "content_type": 33, "object_id": "11", "object_repr": "Download object (11)", "action_flag": 3, "change_message": ""}}, {"model": "admin.logentry", "pk": 344, "fields": {"action_time": "2023-03-08T21:07:41.264Z", "user": 1, "content_type": 33, "object_id": "10", "object_repr": "Download object (10)", "action_flag": 3, "change_message": ""}}, {"model": "admin.logentry", "pk": 345, "fields": {"action_time": "2023-03-10T09:57:03.760Z", "user": 1, "content_type": 31, "object_id": "1", "object_repr": "victor okolie", "action_flag": 2, "change_message": "[{\"changed\": {\"fields\": [\"Avatar\"]}}]"}}, {"model": "admin.logentry", "pk": 346, "fields": {"action_time": "2023-03-27T21:20:50.749Z", "user": 1, "content_type": 12, "object_id": "1", "object_repr": "Quest", "action_flag": 2, "change_message": "[{\"changed\": {\"fields\": [\"Avatar\"]}}]"}}, {"model": "admin.logentry", "pk": 347, "fields": {"action_time": "2023-03-27T21:22:37.671Z", "user": 1, "content_type": 12, "object_id": "1", "object_repr": "Quest", "action_flag": 2, "change_message": "[{\"changed\": {\"fields\": [\"Avatar\"]}}]"}}, {"model": "admin.logentry", "pk": 348, "fields": {"action_time": "2023-03-29T07:16:39.591Z", "user": 1, "content_type": 12, "object_id": "16", "object_repr": "mike01", "action_flag": 1, "change_message": "[{\"added\": {}}]"}}, {"model": "admin.logentry", "pk": 349, "fields": {"action_time": "2023-03-29T07:20:25.858Z", "user": 1, "content_type": 12, "object_id": "16", "object_repr": "mike01", "action_flag": 2, "change_message": "[{\"changed\": {\"fields\": [\"Staff status\"]}}]"}}, {"model": "admin.logentry", "pk": 350, "fields": {"action_time": "2023-03-29T07:24:50.887Z", "user": 1, "content_type": 12, "object_id": "16", "object_repr": "mike01", "action_flag": 3, "change_message": ""}}, {"model": "admin.logentry", "pk": 351, "fields": {"action_time": "2023-03-29T08:57:39.984Z", "user": 1, "content_type": 3, "object_id": "1", "object_repr": "blogpost api-users", "action_flag": 1, "change_message": "[{\"added\": {}}]"}}, {"model": "admin.logentry", "pk": 352, "fields": {"action_time": "2023-03-29T08:59:03.104Z", "user": 1, "content_type": 12, "object_id": "17", "object_repr": "mike01", "action_flag": 2, "change_message": "[{\"changed\": {\"fields\": [\"Groups\"]}}]"}}, {"model": "admin.logentry", "pk": 353, "fields": {"action_time": "2023-03-29T09:10:53.498Z", "user": 1, "content_type": 12, "object_id": "17", "object_repr": "mike01", "action_flag": 2, "change_message": "[]"}}, {"model": "admin.logentry", "pk": 354, "fields": {"action_time": "2023-03-29T16:19:16.297Z", "user": 1, "content_type": 3, "object_id": "1", "object_repr": "blogpost api-users", "action_flag": 2, "change_message": "[]"}}, {"model": "admin.logentry", "pk": 355, "fields": {"action_time": "2023-03-30T15:37:49.742Z", "user": 1, "content_type": 6, "object_id": "2", "object_repr": "127.0.0.1:8000", "action_flag": 2, "change_message": "[{\"changed\": {\"fields\": [\"Domain name\"]}}]"}}, {"model": "admin.logentry", "pk": 356, "fields": {"action_time": "2023-03-30T16:25:24.749Z", "user": 1, "content_type": 22, "object_id": "34", "object_repr": "2cf2829d2616d2429b29fef2d3fcf1214b8f", "action_flag": 3, "change_message": ""}}, {"model": "admin.logentry", "pk": 357, "fields": {"action_time": "2023-03-30T16:25:24.972Z", "user": 1, "content_type": 22, "object_id": "33", "object_repr": "dd1905961dbaf140ed18c211ad0affbdcec8", "action_flag": 3, "change_message": ""}}, {"model": "admin.logentry", "pk": 358, "fields": {"action_time": "2023-03-30T16:25:25.074Z", "user": 1, "content_type": 22, "object_id": "32", "object_repr": "545cbbfa7b729748247894a7af503f85e03f", "action_flag": 3, "change_message": ""}}, {"model": "admin.logentry", "pk": 359, "fields": {"action_time": "2023-03-30T16:25:25.197Z", "user": 1, "content_type": 22, "object_id": "31", "object_repr": "b0f41373824688489988a1988fa5f7eb74a3", "action_flag": 3, "change_message": ""}}, {"model": "admin.logentry", "pk": 360, "fields": {"action_time": "2023-03-30T16:25:25.331Z", "user": 1, "content_type": 22, "object_id": "30", "object_repr": "8f905ff110dda510488e10a57f10143f18608700", "action_flag": 3, "change_message": ""}}, {"model": "admin.logentry", "pk": 361, "fields": {"action_time": "2023-03-30T16:25:25.580Z", "user": 1, "content_type": 22, "object_id": "29", "object_repr": "e65cf6b2792db740bd797fa71a67950ed91f", "action_flag": 3, "change_message": ""}}, {"model": "admin.logentry", "pk": 362, "fields": {"action_time": "2023-03-30T16:25:25.787Z", "user": 1, "content_type": 22, "object_id": "28", "object_repr": "74b2978010bfa31045c610aba910582d2d4f0823", "action_flag": 3, "change_message": ""}}, {"model": "admin.logentry", "pk": 363, "fields": {"action_time": "2023-03-30T16:25:25.973Z", "user": 1, "content_type": 22, "object_id": "27", "object_repr": "f6645480340d19f831e4bce86d74181be959", "action_flag": 3, "change_message": ""}}, {"model": "admin.logentry", "pk": 364, "fields": {"action_time": "2023-03-30T16:25:26.100Z", "user": 1, "content_type": 22, "object_id": "26", "object_repr": "fc84738a0b0239e08166b0cc6d89178beb8b86", "action_flag": 3, "change_message": ""}}, {"model": "admin.logentry", "pk": 365, "fields": {"action_time": "2023-03-30T16:25:26.219Z", "user": 1, "content_type": 22, "object_id": "25", "object_repr": "33f36d8d2cb4f24a842934e23710aaaf9592", "action_flag": 3, "change_message": ""}}, {"model": "admin.logentry", "pk": 366, "fields": {"action_time": "2023-03-30T16:25:26.318Z", "user": 1, "content_type": 22, "object_id": "24", "object_repr": "43cdf12465bd06443e69d566c59cd01f1bc4", "action_flag": 3, "change_message": ""}}, {"model": "admin.logentry", "pk": 367, "fields": {"action_time": "2023-03-30T16:25:26.474Z", "user": 1, "content_type": 22, "object_id": "23", "object_repr": "6b41500312085148ec19b5d167399157436c", "action_flag": 3, "change_message": ""}}, {"model": "admin.logentry", "pk": 368, "fields": {"action_time": "2023-03-30T16:25:26.585Z", "user": 1, "content_type": 22, "object_id": "22", "object_repr": "2ec0225f8f98e841908a80085094f4abb218", "action_flag": 3, "change_message": ""}}, {"model": "admin.logentry", "pk": 369, "fields": {"action_time": "2023-03-30T16:25:26.800Z", "user": 1, "content_type": 22, "object_id": "21", "object_repr": "37c6f2f19425e941d69b8a298dc9f25287b4", "action_flag": 3, "change_message": ""}}, {"model": "admin.logentry", "pk": 370, "fields": {"action_time": "2023-03-30T16:25:27.019Z", "user": 1, "content_type": 22, "object_id": "20", "object_repr": "eee43d4b062070419f0824e00f141efa017a", "action_flag": 3, "change_message": ""}}, {"model": "admin.logentry", "pk": 371, "fields": {"action_time": "2023-03-30T16:25:27.140Z", "user": 1, "content_type": 22, "object_id": "19", "object_repr": "1b5b631e0239f047cd0a2b102768a5395521", "action_flag": 3, "change_message": ""}}, {"model": "admin.logentry", "pk": 372, "fields": {"action_time": "2023-03-30T16:28:50.953Z", "user": 1, "content_type": 23, "object_id": "7", "object_repr": "spider miles morales", "action_flag": 2, "change_message": "[{\"changed\": {\"fields\": [\"Name\", \"Image\"]}}]"}}, {"model": "admin.logentry", "pk": 373, "fields": {"action_time": "2023-03-30T16:31:30.556Z", "user": 1, "content_type": 23, "object_id": "6", "object_repr": "Telegram bot", "action_flag": 2, "change_message": "[{\"changed\": {\"fields\": [\"File\", \"Image\"]}}]"}}, {"model": "admin.logentry", "pk": 374, "fields": {"action_time": "2023-03-30T16:34:43.975Z", "user": 1, "content_type": 23, "object_id": "5", "object_repr": "Snapchat bot", "action_flag": 2, "change_message": "[{\"changed\": {\"fields\": [\"File\", \"Image\"]}}]"}}, {"model": "auth.permission", "pk": 1, "fields": {"name": "Can add log entry", "content_type": 1, "codename": "add_logentry"}}, {"model": "auth.permission", "pk": 2, "fields": {"name": "Can change log entry", "content_type": 1, "codename": "change_logentry"}}, {"model": "auth.permission", "pk": 3, "fields": {"name": "Can delete log entry", "content_type": 1, "codename": "delete_logentry"}}, {"model": "auth.permission", "pk": 4, "fields": {"name": "Can view log entry", "content_type": 1, "codename": "view_logentry"}}, {"model": "auth.permission", "pk": 5, "fields": {"name": "Can add permission", "content_type": 2, "codename": "add_permission"}}, {"model": "auth.permission", "pk": 6, "fields": {"name": "Can change permission", "content_type": 2, "codename": "change_permission"}}, {"model": "auth.permission", "pk": 7, "fields": {"name": "Can delete permission", "content_type": 2, "codename": "delete_permission"}}, {"model": "auth.permission", "pk": 8, "fields": {"name": "Can view permission", "content_type": 2, "codename": "view_permission"}}, {"model": "auth.permission", "pk": 9, "fields": {"name": "Can add group", "content_type": 3, "codename": "add_group"}}, {"model": "auth.permission", "pk": 10, "fields": {"name": "Can change group", "content_type": 3, "codename": "change_group"}}, {"model": "auth.permission", "pk": 11, "fields": {"name": "Can delete group", "content_type": 3, "codename": "delete_group"}}, {"model": "auth.permission", "pk": 12, "fields": {"name": "Can view group", "content_type": 3, "codename": "view_group"}}, {"model": "auth.permission", "pk": 13, "fields": {"name": "Can add content type", "content_type": 4, "codename": "add_contenttype"}}, {"model": "auth.permission", "pk": 14, "fields": {"name": "Can change content type", "content_type": 4, "codename": "change_contenttype"}}, {"model": "auth.permission", "pk": 15, "fields": {"name": "Can delete content type", "content_type": 4, "codename": "delete_contenttype"}}, {"model": "auth.permission", "pk": 16, "fields": {"name": "Can view content type", "content_type": 4, "codename": "view_contenttype"}}, {"model": "auth.permission", "pk": 17, "fields": {"name": "Can add session", "content_type": 5, "codename": "add_session"}}, {"model": "auth.permission", "pk": 18, "fields": {"name": "Can change session", "content_type": 5, "codename": "change_session"}}, {"model": "auth.permission", "pk": 19, "fields": {"name": "Can delete session", "content_type": 5, "codename": "delete_session"}}, {"model": "auth.permission", "pk": 20, "fields": {"name": "Can view session", "content_type": 5, "codename": "view_session"}}, {"model": "auth.permission", "pk": 21, "fields": {"name": "Can add site", "content_type": 6, "codename": "add_site"}}, {"model": "auth.permission", "pk": 22, "fields": {"name": "Can change site", "content_type": 6, "codename": "change_site"}}, {"model": "auth.permission", "pk": 23, "fields": {"name": "Can delete site", "content_type": 6, "codename": "delete_site"}}, {"model": "auth.permission", "pk": 24, "fields": {"name": "Can view site", "content_type": 6, "codename": "view_site"}}, {"model": "auth.permission", "pk": 25, "fields": {"name": "Can add email address", "content_type": 7, "codename": "add_emailaddress"}}, {"model": "auth.permission", "pk": 26, "fields": {"name": "Can change email address", "content_type": 7, "codename": "change_emailaddress"}}, {"model": "auth.permission", "pk": 27, "fields": {"name": "Can delete email address", "content_type": 7, "codename": "delete_emailaddress"}}, {"model": "auth.permission", "pk": 28, "fields": {"name": "Can view email address", "content_type": 7, "codename": "view_emailaddress"}}, {"model": "auth.permission", "pk": 29, "fields": {"name": "Can add email confirmation", "content_type": 8, "codename": "add_emailconfirmation"}}, {"model": "auth.permission", "pk": 30, "fields": {"name": "Can change email confirmation", "content_type": 8, "codename": "change_emailconfirmation"}}, {"model": "auth.permission", "pk": 31, "fields": {"name": "Can delete email confirmation", "content_type": 8, "codename": "delete_emailconfirmation"}}, {"model": "auth.permission", "pk": 32, "fields": {"name": "Can view email confirmation", "content_type": 8, "codename": "view_emailconfirmation"}}, {"model": "auth.permission", "pk": 33, "fields": {"name": "Can add social account", "content_type": 9, "codename": "add_socialaccount"}}, {"model": "auth.permission", "pk": 34, "fields": {"name": "Can change social account", "content_type": 9, "codename": "change_socialaccount"}}, {"model": "auth.permission", "pk": 35, "fields": {"name": "Can delete social account", "content_type": 9, "codename": "delete_socialaccount"}}, {"model": "auth.permission", "pk": 36, "fields": {"name": "Can view social account", "content_type": 9, "codename": "view_socialaccount"}}, {"model": "auth.permission", "pk": 37, "fields": {"name": "Can add social application", "content_type": 10, "codename": "add_socialapp"}}, {"model": "auth.permission", "pk": 38, "fields": {"name": "Can change social application", "content_type": 10, "codename": "change_socialapp"}}, {"model": "auth.permission", "pk": 39, "fields": {"name": "Can delete social application", "content_type": 10, "codename": "delete_socialapp"}}, {"model": "auth.permission", "pk": 40, "fields": {"name": "Can view social application", "content_type": 10, "codename": "view_socialapp"}}, {"model": "auth.permission", "pk": 41, "fields": {"name": "Can add social application token", "content_type": 11, "codename": "add_socialtoken"}}, {"model": "auth.permission", "pk": 42, "fields": {"name": "Can change social application token", "content_type": 11, "codename": "change_socialtoken"}}, {"model": "auth.permission", "pk": 43, "fields": {"name": "Can delete social application token", "content_type": 11, "codename": "delete_socialtoken"}}, {"model": "auth.permission", "pk": 44, "fields": {"name": "Can view social application token", "content_type": 11, "codename": "view_socialtoken"}}, {"model": "auth.permission", "pk": 45, "fields": {"name": "Can add user", "content_type": 12, "codename": "add_user"}}, {"model": "auth.permission", "pk": 46, "fields": {"name": "Can change user", "content_type": 12, "codename": "change_user"}}, {"model": "auth.permission", "pk": 47, "fields": {"name": "Can delete user", "content_type": 12, "codename": "delete_user"}}, {"model": "auth.permission", "pk": 48, "fields": {"name": "Can view user", "content_type": 12, "codename": "view_user"}}, {"model": "auth.permission", "pk": 49, "fields": {"name": "Can add category", "content_type": 13, "codename": "add_category"}}, {"model": "auth.permission", "pk": 50, "fields": {"name": "Can change category", "content_type": 13, "codename": "change_category"}}, {"model": "auth.permission", "pk": 51, "fields": {"name": "Can delete category", "content_type": 13, "codename": "delete_category"}}, {"model": "auth.permission", "pk": 52, "fields": {"name": "Can view category", "content_type": 13, "codename": "view_category"}}, {"model": "auth.permission", "pk": 53, "fields": {"name": "Can add comment", "content_type": 14, "codename": "add_comment"}}, {"model": "auth.permission", "pk": 54, "fields": {"name": "Can change comment", "content_type": 14, "codename": "change_comment"}}, {"model": "auth.permission", "pk": 55, "fields": {"name": "Can delete comment", "content_type": 14, "codename": "delete_comment"}}, {"model": "auth.permission", "pk": 56, "fields": {"name": "Can view comment", "content_type": 14, "codename": "view_comment"}}, {"model": "auth.permission", "pk": 57, "fields": {"name": "Can add featured post", "content_type": 15, "codename": "add_featuredpost"}}, {"model": "auth.permission", "pk": 58, "fields": {"name": "Can change featured post", "content_type": 15, "codename": "change_featuredpost"}}, {"model": "auth.permission", "pk": 59, "fields": {"name": "Can delete featured post", "content_type": 15, "codename": "delete_featuredpost"}}, {"model": "auth.permission", "pk": 60, "fields": {"name": "Can view featured post", "content_type": 15, "codename": "view_featuredpost"}}, {"model": "auth.permission", "pk": 61, "fields": {"name": "Can add post", "content_type": 16, "codename": "add_post"}}, {"model": "auth.permission", "pk": 62, "fields": {"name": "Can change post", "content_type": 16, "codename": "change_post"}}, {"model": "auth.permission", "pk": 63, "fields": {"name": "Can delete post", "content_type": 16, "codename": "delete_post"}}, {"model": "auth.permission", "pk": 64, "fields": {"name": "Can view post", "content_type": 16, "codename": "view_post"}}, {"model": "auth.permission", "pk": 65, "fields": {"name": "Can add sub category", "content_type": 17, "codename": "add_subcategory"}}, {"model": "auth.permission", "pk": 66, "fields": {"name": "Can change sub category", "content_type": 17, "codename": "change_subcategory"}}, {"model": "auth.permission", "pk": 67, "fields": {"name": "Can delete sub category", "content_type": 17, "codename": "delete_subcategory"}}, {"model": "auth.permission", "pk": 68, "fields": {"name": "Can view sub category", "content_type": 17, "codename": "view_subcategory"}}, {"model": "auth.permission", "pk": 69, "fields": {"name": "Can add mail message", "content_type": 18, "codename": "add_mailmessage"}}, {"model": "auth.permission", "pk": 70, "fields": {"name": "Can change mail message", "content_type": 18, "codename": "change_mailmessage"}}, {"model": "auth.permission", "pk": 71, "fields": {"name": "Can delete mail message", "content_type": 18, "codename": "delete_mailmessage"}}, {"model": "auth.permission", "pk": 72, "fields": {"name": "Can view mail message", "content_type": 18, "codename": "view_mailmessage"}}, {"model": "auth.permission", "pk": 73, "fields": {"name": "Can add subscriber", "content_type": 19, "codename": "add_subscriber"}}, {"model": "auth.permission", "pk": 74, "fields": {"name": "Can change subscriber", "content_type": 19, "codename": "change_subscriber"}}, {"model": "auth.permission", "pk": 75, "fields": {"name": "Can delete subscriber", "content_type": 19, "codename": "delete_subscriber"}}, {"model": "auth.permission", "pk": 76, "fields": {"name": "Can view subscriber", "content_type": 19, "codename": "view_subscriber"}}, {"model": "auth.permission", "pk": 77, "fields": {"name": "Can add unsubscribed email", "content_type": 20, "codename": "add_unsubscribedemail"}}, {"model": "auth.permission", "pk": 78, "fields": {"name": "Can change unsubscribed email", "content_type": 20, "codename": "change_unsubscribedemail"}}, {"model": "auth.permission", "pk": 79, "fields": {"name": "Can delete unsubscribed email", "content_type": 20, "codename": "delete_unsubscribedemail"}}, {"model": "auth.permission", "pk": 80, "fields": {"name": "Can view unsubscribed email", "content_type": 20, "codename": "view_unsubscribedemail"}}, {"model": "auth.permission", "pk": 81, "fields": {"name": "Can add customer", "content_type": 21, "codename": "add_customer"}}, {"model": "auth.permission", "pk": 82, "fields": {"name": "Can change customer", "content_type": 21, "codename": "change_customer"}}, {"model": "auth.permission", "pk": 83, "fields": {"name": "Can delete customer", "content_type": 21, "codename": "delete_customer"}}, {"model": "auth.permission", "pk": 84, "fields": {"name": "Can view customer", "content_type": 21, "codename": "view_customer"}}, {"model": "auth.permission", "pk": 85, "fields": {"name": "Can add order", "content_type": 22, "codename": "add_order"}}, {"model": "auth.permission", "pk": 86, "fields": {"name": "Can change order", "content_type": 22, "codename": "change_order"}}, {"model": "auth.permission", "pk": 87, "fields": {"name": "Can delete order", "content_type": 22, "codename": "delete_order"}}, {"model": "auth.permission", "pk": 88, "fields": {"name": "Can view order", "content_type": 22, "codename": "view_order"}}, {"model": "auth.permission", "pk": 89, "fields": {"name": "Can add product", "content_type": 23, "codename": "add_product"}}, {"model": "auth.permission", "pk": 90, "fields": {"name": "Can change product", "content_type": 23, "codename": "change_product"}}, {"model": "auth.permission", "pk": 91, "fields": {"name": "Can delete product", "content_type": 23, "codename": "delete_product"}}, {"model": "auth.permission", "pk": 92, "fields": {"name": "Can view product", "content_type": 23, "codename": "view_product"}}, {"model": "auth.permission", "pk": 93, "fields": {"name": "Can add shipping address", "content_type": 24, "codename": "add_shippingaddress"}}, {"model": "auth.permission", "pk": 94, "fields": {"name": "Can change shipping address", "content_type": 24, "codename": "change_shippingaddress"}}, {"model": "auth.permission", "pk": 95, "fields": {"name": "Can delete shipping address", "content_type": 24, "codename": "delete_shippingaddress"}}, {"model": "auth.permission", "pk": 96, "fields": {"name": "Can view shipping address", "content_type": 24, "codename": "view_shippingaddress"}}, {"model": "auth.permission", "pk": 97, "fields": {"name": "Can add order item", "content_type": 25, "codename": "add_orderitem"}}, {"model": "auth.permission", "pk": 98, "fields": {"name": "Can change order item", "content_type": 25, "codename": "change_orderitem"}}, {"model": "auth.permission", "pk": 99, "fields": {"name": "Can delete order item", "content_type": 25, "codename": "delete_orderitem"}}, {"model": "auth.permission", "pk": 100, "fields": {"name": "Can view order item", "content_type": 25, "codename": "view_orderitem"}}, {"model": "auth.permission", "pk": 101, "fields": {"name": "Can add Blacklisted IP", "content_type": 26, "codename": "add_blacklistip"}}, {"model": "auth.permission", "pk": 102, "fields": {"name": "Can change Blacklisted IP", "content_type": 26, "codename": "change_blacklistip"}}, {"model": "auth.permission", "pk": 103, "fields": {"name": "Can delete Blacklisted IP", "content_type": 26, "codename": "delete_blacklistip"}}, {"model": "auth.permission", "pk": 104, "fields": {"name": "Can view Blacklisted IP", "content_type": 26, "codename": "view_blacklistip"}}, {"model": "auth.permission", "pk": 105, "fields": {"name": "Can add Blacklisted User Agent", "content_type": 27, "codename": "add_blacklistuseragent"}}, {"model": "auth.permission", "pk": 106, "fields": {"name": "Can change Blacklisted User Agent", "content_type": 27, "codename": "change_blacklistuseragent"}}, {"model": "auth.permission", "pk": 107, "fields": {"name": "Can delete Blacklisted User Agent", "content_type": 27, "codename": "delete_blacklistuseragent"}}, {"model": "auth.permission", "pk": 108, "fields": {"name": "Can view Blacklisted User Agent", "content_type": 27, "codename": "view_blacklistuseragent"}}, {"model": "auth.permission", "pk": 109, "fields": {"name": "Can add hit", "content_type": 28, "codename": "add_hit"}}, {"model": "auth.permission", "pk": 110, "fields": {"name": "Can change hit", "content_type": 28, "codename": "change_hit"}}, {"model": "auth.permission", "pk": 111, "fields": {"name": "Can delete hit", "content_type": 28, "codename": "delete_hit"}}, {"model": "auth.permission", "pk": 112, "fields": {"name": "Can view hit", "content_type": 28, "codename": "view_hit"}}, {"model": "auth.permission", "pk": 113, "fields": {"name": "Can add hit count", "content_type": 29, "codename": "add_hitcount"}}, {"model": "auth.permission", "pk": 114, "fields": {"name": "Can change hit count", "content_type": 29, "codename": "change_hitcount"}}, {"model": "auth.permission", "pk": 115, "fields": {"name": "Can delete hit count", "content_type": 29, "codename": "delete_hitcount"}}, {"model": "auth.permission", "pk": 116, "fields": {"name": "Can view hit count", "content_type": 29, "codename": "view_hitcount"}}, {"model": "auth.permission", "pk": 117, "fields": {"name": "Can add refund", "content_type": 30, "codename": "add_refund"}}, {"model": "auth.permission", "pk": 118, "fields": {"name": "Can change refund", "content_type": 30, "codename": "change_refund"}}, {"model": "auth.permission", "pk": 119, "fields": {"name": "Can delete refund", "content_type": 30, "codename": "delete_refund"}}, {"model": "auth.permission", "pk": 120, "fields": {"name": "Can view refund", "content_type": 30, "codename": "view_refund"}}, {"model": "auth.permission", "pk": 121, "fields": {"name": "Can add author", "content_type": 31, "codename": "add_author"}}, {"model": "auth.permission", "pk": 122, "fields": {"name": "Can change author", "content_type": 31, "codename": "change_author"}}, {"model": "auth.permission", "pk": 123, "fields": {"name": "Can delete author", "content_type": 31, "codename": "delete_author"}}, {"model": "auth.permission", "pk": 124, "fields": {"name": "Can view author", "content_type": 31, "codename": "view_author"}}, {"model": "auth.permission", "pk": 125, "fields": {"name": "Can add review", "content_type": 32, "codename": "add_review"}}, {"model": "auth.permission", "pk": 126, "fields": {"name": "Can change review", "content_type": 32, "codename": "change_review"}}, {"model": "auth.permission", "pk": 127, "fields": {"name": "Can delete review", "content_type": 32, "codename": "delete_review"}}, {"model": "auth.permission", "pk": 128, "fields": {"name": "Can view review", "content_type": 32, "codename": "view_review"}}, {"model": "auth.permission", "pk": 129, "fields": {"name": "Can add billing address", "content_type": 24, "codename": "add_billingaddress"}}, {"model": "auth.permission", "pk": 130, "fields": {"name": "Can change billing address", "content_type": 24, "codename": "change_billingaddress"}}, {"model": "auth.permission", "pk": 131, "fields": {"name": "Can delete billing address", "content_type": 24, "codename": "delete_billingaddress"}}, {"model": "auth.permission", "pk": 132, "fields": {"name": "Can view billing address", "content_type": 24, "codename": "view_billingaddress"}}, {"model": "auth.permission", "pk": 133, "fields": {"name": "Can add download", "content_type": 33, "codename": "add_download"}}, {"model": "auth.permission", "pk": 134, "fields": {"name": "Can change download", "content_type": 33, "codename": "change_download"}}, {"model": "auth.permission", "pk": 135, "fields": {"name": "Can delete download", "content_type": 33, "codename": "delete_download"}}, {"model": "auth.permission", "pk": 136, "fields": {"name": "Can view download", "content_type": 33, "codename": "view_download"}}, {"model": "auth.permission", "pk": 137, "fields": {"name": "Can add Token", "content_type": 34, "codename": "add_token"}}, {"model": "auth.permission", "pk": 138, "fields": {"name": "Can change Token", "content_type": 34, "codename": "change_token"}}, {"model": "auth.permission", "pk": 139, "fields": {"name": "Can delete Token", "content_type": 34, "codename": "delete_token"}}, {"model": "auth.permission", "pk": 140, "fields": {"name": "Can view Token", "content_type": 34, "codename": "view_token"}}, {"model": "auth.permission", "pk": 141, "fields": {"name": "Can add token", "content_type": 35, "codename": "add_tokenproxy"}}, {"model": "auth.permission", "pk": 142, "fields": {"name": "Can change token", "content_type": 35, "codename": "change_tokenproxy"}}, {"model": "auth.permission", "pk": 143, "fields": {"name": "Can delete token", "content_type": 35, "codename": "delete_tokenproxy"}}, {"model": "auth.permission", "pk": 144, "fields": {"name": "Can view token", "content_type": 35, "codename": "view_tokenproxy"}}, {"model": "auth.group", "pk": 1, "fields": {"name": "blogpost api-users", "permissions": [60, 64]}}, {"model": "contenttypes.contenttype", "pk": 1, "fields": {"app_label": "admin", "model": "logentry"}}, {"model": "contenttypes.contenttype", "pk": 2, "fields": {"app_label": "auth", "model": "permission"}}, {"model": "contenttypes.contenttype", "pk": 3, "fields": {"app_label": "auth", "model": "group"}}, {"model": "contenttypes.contenttype", "pk": 4, "fields": {"app_label": "contenttypes", "model": "contenttype"}}, {"model": "contenttypes.contenttype", "pk": 5, "fields": {"app_label": "sessions", "model": "session"}}, {"model": "contenttypes.contenttype", "pk": 6, "fields": {"app_label": "sites", "model": "site"}}, {"model": "contenttypes.contenttype", "pk": 7, "fields": {"app_label": "account", "model": "emailaddress"}}, {"model": "contenttypes.contenttype", "pk": 8, "fields": {"app_label": "account", "model": "emailconfirmation"}}, {"model": "contenttypes.contenttype", "pk": 9, "fields": {"app_label": "socialaccount", "model": "socialaccount"}}, {"model": "contenttypes.contenttype", "pk": 10, "fields": {"app_label": "socialaccount", "model": "socialapp"}}, {"model": "contenttypes.contenttype", "pk": 11, "fields": {"app_label": "socialaccount", "model": "socialtoken"}}, {"model": "contenttypes.contenttype", "pk": 12, "fields": {"app_label": "mainapp", "model": "user"}}, {"model": "contenttypes.contenttype", "pk": 13, "fields": {"app_label": "blog", "model": "category"}}, {"model": "contenttypes.contenttype", "pk": 14, "fields": {"app_label": "blog", "model": "comment"}}, {"model": "contenttypes.contenttype", "pk": 15, "fields": {"app_label": "blog", "model": "featuredpost"}}, {"model": "contenttypes.contenttype", "pk": 16, "fields": {"app_label": "blog", "model": "post"}}, {"model": "contenttypes.contenttype", "pk": 17, "fields": {"app_label": "blog", "model": "subcategory"}}, {"model": "contenttypes.contenttype", "pk": 18, "fields": {"app_label": "newsletter", "model": "mailmessage"}}, {"model": "contenttypes.contenttype", "pk": 19, "fields": {"app_label": "newsletter", "model": "subscriber"}}, {"model": "contenttypes.contenttype", "pk": 20, "fields": {"app_label": "newsletter", "model": "unsubscribedemail"}}, {"model": "contenttypes.contenttype", "pk": 21, "fields": {"app_label": "store", "model": "customer"}}, {"model": "contenttypes.contenttype", "pk": 22, "fields": {"app_label": "store", "model": "order"}}, {"model": "contenttypes.contenttype", "pk": 23, "fields": {"app_label": "store", "model": "product"}}, {"model": "contenttypes.contenttype", "pk": 24, "fields": {"app_label": "store", "model": "billingaddress"}}, {"model": "contenttypes.contenttype", "pk": 25, "fields": {"app_label": "store", "model": "orderitem"}}, {"model": "contenttypes.contenttype", "pk": 26, "fields": {"app_label": "hitcount", "model": "blacklistip"}}, {"model": "contenttypes.contenttype", "pk": 27, "fields": {"app_label": "hitcount", "model": "blacklistuseragent"}}, {"model": "contenttypes.contenttype", "pk": 28, "fields": {"app_label": "hitcount", "model": "hit"}}, {"model": "contenttypes.contenttype", "pk": 29, "fields": {"app_label": "hitcount", "model": "hitcount"}}, {"model": "contenttypes.contenttype", "pk": 30, "fields": {"app_label": "store", "model": "refund"}}, {"model": "contenttypes.contenttype", "pk": 31, "fields": {"app_label": "blog", "model": "author"}}, {"model": "contenttypes.contenttype", "pk": 32, "fields": {"app_label": "store", "model": "review"}}, {"model": "contenttypes.contenttype", "pk": 33, "fields": {"app_label": "store", "model": "download"}}, {"model": "contenttypes.contenttype", "pk": 34, "fields": {"app_label": "authtoken", "model": "token"}}, {"model": "contenttypes.contenttype", "pk": 35, "fields": {"app_label": "authtoken", "model": "tokenproxy"}}, {"model": "sessions.session", "pk": "1bufffez4vrjoz2lzd37usukczss16ia", "fields": {"session_data": ".eJxVjEEOwiAQRe_C2hAIlKEu3XsGMsMMtmpaA-2q8e7apJtu33v_b-qDI6vrUle5qITrMqS1SU07VFadGGF-ybQLfuL0mHWep6WOpPdEH7bp-8zyvh3t6WDANvzX0QVDHiJ12PtSXBAUByEKhAwkXHwHXiIRWkHrAvQInRM2HCMb6tX3B7jPPFg:1pYx8P:IL93Xu2SgyYjcMkvvam84T3XDwk2_m_4oQGeVtPZ2a4", "expire_date": "2023-03-19T22:47:17.672Z"}}, {"model": "sessions.session", "pk": "2vnrqdffs4rlywy7v8hcrqyyejawgc9e", "fields": {"session_data": ".eJxVjEsOwjAMBe-SNYpS5WOHJXvOENmxSwqolfpZIe4OlbqA7ZuZ9zKFtrWVbdG5DGLOpjOn342pPnTcgdxpvE22TuM6D2x3xR50sddJ9Hk53L-DRkv71uiT4wDIkXLoe5-U1ENChVSBVfoQISgyU6fU-QSZIHoVJ4jiOJv3B-vUOFA:1pVGYo:i5EgKYTLTJU5vuVmMnnJuYYnPkopE8_2k5caKDFl-zg", "expire_date": "2023-03-09T18:43:18.548Z"}}, {"model": "sessions.session", "pk": "3qo6za4wyd6yxonc8ggln740s4i7fb9m", "fields": {"session_data": ".eJxVjEsOwjAMBe-SNYpS5WOHJXvOENmxSwqolfpZIe4OlbqA7ZuZ9zKFtrWVbdG5DGLOpjOn342pPnTcgdxpvE22TuM6D2x3xR50sddJ9Hk53L-DRkv71uiT4wDIkXLoe5-U1ENChVSBVfoQISgyU6fU-QSZIHoVJ4jiOJv3B-vUOFA:1paixd:dbfOXlBSmeFghFl_sM7IYpk10YA6QQi9oFYMSXB9TLE", "expire_date": "2023-03-24T20:03:29.805Z"}}, {"model": "sessions.session", "pk": "3zhvdqymi1o5piywfcb7d82u7hyzd41p", "fields": {"session_data": ".eJxVjEsOwjAMBe-SNYpS5WOHJXvOENmxSwqolfpZIe4OlbqA7ZuZ9zKFtrWVbdG5DGLOpjOn342pPnTcgdxpvE22TuM6D2x3xR50sddJ9Hk53L-DRkv71uiT4wDIkXLoe5-U1ENChVSBVfoQISgyU6fU-QSZIHoVJ4jiOJv3B-vUOFA:1pVGYp:jjHVvKc2rUtaiVCMT-Fue2WbTvdkhuwaSc-3e0zQ9PI", "expire_date": "2023-03-09T18:43:19.677Z"}}, {"model": "sessions.session", "pk": "3zp5nm6oislxvh9jg4wlshxqpzkoibcu", "fields": {"session_data": ".eJxVjbsOgkAURP9la0MgC_uwNBYUmmh8tOTe3QssT2WhMv67S2Kh7ZyZMy9WwDLXxeJpKpxlW5awzW-GYFoaVmAbGKoxMuMwTw6jtRJ9qY-Oo6Vu9-3-CWrwdVgrLmJMpcIMdFqWXBAQl0KRFEYi2TLNZEoKERKChAupQWacbGyVsjHqIPULehOuyVIPrgvSB58Pz0tzvbXk7rmpXD7V_VnE7f5k9MjeH_PWSgA:1ot9Ok:DITKOhcTzNGMKQxZKqB_bcjMHM5wq0azrpkLV6A3hzQ", "expire_date": "2022-11-24T15:23:22.591Z"}}, {"model": "sessions.session", "pk": "7qvqyez9fo3sexuscs7sv64sb92wj684", "fields": {"session_data": ".eJxVjEsOwjAMBe-SNYpS5WOHJXvOENmxSwqolfpZIe4OlbqA7ZuZ9zKFtrWVbdG5DGLOpjOn342pPnTcgdxpvE22TuM6D2x3xR50sddJ9Hk53L-DRkv71uiT4wDIkXLoe5-U1ENChVSBVfoQISgyU6fU-QSZIHoVJ4jiOJv3B-vUOFA:1pJHCD:Fr_Erbr0ntckqJIWWzV0vClCodFDlBEu_5Yh_M11ACQ", "expire_date": "2023-02-04T16:58:25.360Z"}}, {"model": "sessions.session", "pk": "9vlfuawkum36uruqnh32yhhe33gcx5fv", "fields": {"session_data": ".eJxVjEsOwjAMBe-SNYpS5WOHJXvOENmxSwqolfpZIe4OlbqA7ZuZ9zKFtrWVbdG5DGLOpjOn342pPnTcgdxpvE22TuM6D2x3xR50sddJ9Hk53L-DRkv71uiT4wDIkXLoe5-U1ENChVSBVfoQISgyU6fU-QSZIHoVJ4jiOJv3B-vUOFA:1pVGYq:LqEreQxjL2dF8TKs9A9RPVPkweA8Peh6G75BrC93gwk", "expire_date": "2023-03-09T18:43:20.077Z"}}, {"model": "sessions.session", "pk": "b8mvjb7fi7thbiofjdktulg04kijbtg9", "fields": {"session_data": ".eJxVjEsOwjAMBe-SNYpS5WOHJXvOENmxSwqolfpZIe4OlbqA7ZuZ9zKFtrWVbdG5DGLOpjOn342pPnTcgdxpvE22TuM6D2x3xR50sddJ9Hk53L-DRkv71uiT4wDIkXLoe5-U1ENChVSBVfoQISgyU6fU-QSZIHoVJ4jiOJv3B-vUOFA:1pVGYn:NLccUm8UR312z8wVtIVZDzBOweKJbLG9LNJSdhm8IHg", "expire_date": "2023-03-09T18:43:17.067Z"}}, {"model": "sessions.session", "pk": "cqnk31ouvs8ywsltduhoa86tmiwzzzgh", "fields": {"session_data": ".eJxVjEsOwjAMBe-SNYpS5WOHJXvOENmxSwqolfpZIe4OlbqA7ZuZ9zKFtrWVbdG5DGLOpjOn342pPnTcgdxpvE22TuM6D2x3xR50sddJ9Hk53L-DRkv71uiT4wDIkXLoe5-U1ENChVSBVfoQISgyU6fU-QSZIHoVJ4jiOJv3B-vUOFA:1pVGYn:NLccUm8UR312z8wVtIVZDzBOweKJbLG9LNJSdhm8IHg", "expire_date": "2023-03-09T18:43:17.803Z"}}, {"model": "sessions.session", "pk": "d9dmu42hp4zz1ke38syyfpqnfovtfmio", "fields": {"session_data": "e30:1pbRGf:nW6rEW_J0uIH3CwIDH_vOtkytFhow52suQJylqbiM8E", "expire_date": "2023-03-26T19:22:05.787Z"}}, {"model": "sessions.session", "pk": "loibz8qy5utgfakxorqzw0enq2jipvoi", "fields": {"session_data": ".eJxVjU0LwjAQRP9LzlJakyaptxbEk4iIiqey293YaG3FWPAD_7sVPOh13sybpyihv9ZlH_hSehITkYjRb4ZQHbn9ADpAu--iqmuvF4_RpxJ9aYjmHXFTfLt_ghpCPayt1DEqYzGFTDknNQNLoy0bXRlkcio1ii0iJAyJ1CYDk0qmmKylGLNBGnoM1XDNxCfwzSC9Fc1jMab1bOPz5V2rHP1tNz3nK-dPWydeb-vaSeA:1pK0EQ:dXvZxj6cTnwDEceMVp9nHN9EFUqLIk-bqnfrezx9W8M", "expire_date": "2023-02-06T17:03:42.135Z"}}, {"model": "sessions.session", "pk": "nt4j9s8b65d7cxz5v6t33ezrah7nivi9", "fields": {"session_data": ".eJxVjEsOwjAMBe-SNYpS5WOHJXvOENmxSwqolfpZIe4OlbqA7ZuZ9zKFtrWVbdG5DGLOpjOn342pPnTcgdxpvE22TuM6D2x3xR50sddJ9Hk53L-DRkv71uiT4wDIkXLoe5-U1ENChVSBVfoQISgyU6fU-QSZIHoVJ4jiOJv3B-vUOFA:1phYhz:3vI7KuckVsRuYUxdCmgP0uoZ5zQeO2d42ZgMR8TbQqY", "expire_date": "2023-04-12T16:31:35.567Z"}}, {"model": "sessions.session", "pk": "p70cbhvqc6lvrdyamas6clzbkrqebnu8", "fields": {"session_data": ".eJxVjEsOwjAMBe-SNYpS5WOHJXvOENmxSwqolfpZIe4OlbqA7ZuZ9zKFtrWVbdG5DGLOpjOn342pPnTcgdxpvE22TuM6D2x3xR50sddJ9Hk53L-DRkv71uiT4wDIkXLoe5-U1ENChVSBVfoQISgyU6fU-QSZIHoVJ4jiOJv3B-vUOFA:1pVGYq:LqEreQxjL2dF8TKs9A9RPVPkweA8Peh6G75BrC93gwk", "expire_date": "2023-03-09T18:43:20.653Z"}}, {"model": "sessions.session", "pk": "pnvgyx3pa2hg72ygqrhaijbcs0w0bx23", "fields": {"session_data": ".eJxVjEsOwjAMBe-SNYpS5WOHJXvOENmxSwqolfpZIe4OlbqA7ZuZ9zKFtrWVbdG5DGLOpjOn342pPnTcgdxpvE22TuM6D2x3xR50sddJ9Hk53L-DRkv71uiT4wDIkXLoe5-U1ENChVSBVfoQISgyU6fU-QSZIHoVJ4jiOJv3B-vUOFA:1orkIw:tGsm0R0hUUd8Nd0fdtCRB8HkiQ0KbYbKaLEUAScQEy8", "expire_date": "2022-11-20T18:23:34.483Z"}}, {"model": "sessions.session", "pk": "q518lqoe7utkpcmpcsoy4vjlcwjlqnd8", "fields": {"session_data": ".eJxVjEsOwjAMBe-SNYpS5WOHJXvOENmxSwqolfpZIe4OlbqA7ZuZ9zKFtrWVbdG5DGLOpjOn342pPnTcgdxpvE22TuM6D2x3xR50sddJ9Hk53L-DRkv71uiT4wDIkXLoe5-U1ENChVSBVfoQISgyU6fU-QSZIHoVJ4jiOJv3B-vUOFA:1pVGYm:knWvYeSc5WjtY-3aH9AOudVldN9g1QwPg3N9LTRQ9CU", "expire_date": "2023-03-09T18:43:16.179Z"}}, {"model": "sessions.session", "pk": "qgainyciwbyb70m1644f2l418rgr9211", "fields": {"session_data": ".eJxVjEsOwjAMBe-SNYpS5WOHJXvOENmxSwqolfpZIe4OlbqA7ZuZ9zKFtrWVbdG5DGLOpjOn342pPnTcgdxpvE22TuM6D2x3xR50sddJ9Hk53L-DRkv71uiT4wDIkXLoe5-U1ENChVSBVfoQISgyU6fU-QSZIHoVJ4jiOJv3B-vUOFA:1ouyu3:5Je1OLm1h7YdDXA0gtOmKxjdwsSjE2Jm8ZH25-huj44", "expire_date": "2022-11-29T16:35:15.675Z"}}, {"model": "sessions.session", "pk": "thar19g1z0fpvs12jhrfkpd7izdawxuj", "fields": {"session_data": ".eJxVjsEOwiAQRP-FsyEQKEs9evcbyC67SNW0hrYn47_bJj3odd7My7xVwnWpaZ2lpYHVWVl1-s0I80PGHfAdx9uk8zQubSC9V_RBZ32dWJ6Xo_snqDjXbR1dMOQhUoe9L8UFQXEQokDIQMLFd-AlEqEVtC5Aj9A5YcMxsqF-k75wP7i0VT5fpaM8WA:1piG9R:HMZa9V1yYHCbVqhztQmtWlLGcqEO30PdIf4bRIipK9w", "expire_date": "2023-04-14T14:54:49.091Z"}}, {"model": "sessions.session", "pk": "vmh5ywo15yyi4tnykcoeramimuwhzcj2", "fields": {"session_data": ".eJxVjEsOwjAMBe-SNYpS5WOHJXvOENmxSwqolfpZIe4OlbqA7ZuZ9zKFtrWVbdG5DGLOpjOn342pPnTcgdxpvE22TuM6D2x3xR50sddJ9Hk53L-DRkv71uiT4wDIkXLoe5-U1ENChVSBVfoQISgyU6fU-QSZIHoVJ4jiOJv3B-vUOFA:1pVGYo:i5EgKYTLTJU5vuVmMnnJuYYnPkopE8_2k5caKDFl-zg", "expire_date": "2023-03-09T18:43:18.959Z"}}, {"model": "sessions.session", "pk": "vscjdos8z1q9hmugzd88mli3robq8gy4", "fields": {"session_data": ".eJxVjEsOwjAMBe-SNYpS5WOHJXvOENmxSwqolfpZIe4OlbqA7ZuZ9zKFtrWVbdG5DGLOpjOn342pPnTcgdxpvE22TuM6D2x3xR50sddJ9Hk53L-DRkv71uiT4wDIkXLoe5-U1ENChVSBVfoQISgyU6fU-QSZIHoVJ4jiOJv3B-vUOFA:1p2UdC:rUH6mZgG6R3haXy0VW1iAId-Zf5mH191NbovRndd_lI", "expire_date": "2022-12-20T09:52:54.094Z"}}, {"model": "sessions.session", "pk": "wmlekqnjme6gfcrg2ohyuefofotrdfut", "fields": {"session_data": ".eJxVjEsOwjAMBe-SNYpS5WOHJXvOENmxSwqolfpZIe4OlbqA7ZuZ9zKFtrWVbdG5DGLOpjOn342pPnTcgdxpvE22TuM6D2x3xR50sddJ9Hk53L-DRkv71uiT4wDIkXLoe5-U1ENChVSBVfoQISgyU6fU-QSZIHoVJ4jiOJv3B-vUOFA:1pVrqA:BMYMrM1xIEaIfZV7N-cpcFRPeuqWCJVHgjb1RbrXclY", "expire_date": "2023-03-11T10:31:42.695Z"}}, {"model": "sessions.session", "pk": "xbcop2vnz92u8v269z6mekke5c1taxwn", "fields": {"session_data": ".eJxVjEsOwjAMBe-SNYpS5WOHJXvOENmxSwqolfpZIe4OlbqA7ZuZ9zKFtrWVbdG5DGLOpjOn342pPnTcgdxpvE22TuM6D2x3xR50sddJ9Hk53L-DRkv71uiT4wDIkXLoe5-U1ENChVSBVfoQISgyU6fU-QSZIHoVJ4jiOJv3B-vUOFA:1pVGYn:NLccUm8UR312z8wVtIVZDzBOweKJbLG9LNJSdhm8IHg", "expire_date": "2023-03-09T18:43:17.563Z"}}, {"model": "sessions.session", "pk": "xk59s2133l5c5en4ixuii0g2mgqbmjqj", "fields": {"session_data": ".eJxVjEsOwjAMBe-SNYpS5WOHJXvOENmxSwqolfpZIe4OlbqA7ZuZ9zKFtrWVbdG5DGLOpjOn342pPnTcgdxpvE22TuM6D2x3xR50sddJ9Hk53L-DRkv71uiT4wDIkXLoe5-U1ENChVSBVfoQISgyU6fU-QSZIHoVJ4jiOJv3B-vUOFA:1pVGYp:jjHVvKc2rUtaiVCMT-Fue2WbTvdkhuwaSc-3e0zQ9PI", "expire_date": "2023-03-09T18:43:19.421Z"}}, {"model": "sessions.session", "pk": "xooei3g8rufkukojaeatnod0jguf6ms0", "fields": {"session_data": ".eJxVjEsOwjAMBe-SNYpS5WOHJXvOENmxSwqolfpZIe4OlbqA7ZuZ9zKFtrWVbdG5DGLOpjOn342pPnTcgdxpvE22TuM6D2x3xR50sddJ9Hk53L-DRkv71uiT4wDIkXLoe5-U1ENChVSBVfoQISgyU6fU-QSZIHoVJ4jiOJv3B-vUOFA:1pVGYl:CHgPYNpZINCobbufGLo3yESYR8wC8i5opt9P2-6tInc", "expire_date": "2023-03-09T18:43:15.435Z"}}, {"model": "sites.site", "pk": 2, "fields": {"domain": "127.0.0.1:8000", "name": "Quest Coding Blog"}}, {"model": "account.emailaddress", "pk": 2, "fields": {"user": 13, "email": "questcoding2001@gmail.com", "verified": true, "primary": true}}, {"model": "account.emailaddress", "pk": 3, "fields": {"user": 14, "email": "victorokolie001@gmail.com", "verified": false, "primary": true}}, {"model": "account.emailaddress", "pk": 4, "fields": {"user": 15, "email": "officialdacmanagement@gmail.com", "verified": true, "primary": true}}, {"model": "socialaccount.socialapp", "pk": 1, "fields": {"provider": "google", "name": "Google SSO", "client_id": "109023553249-th6c0dft687hdbhp8mc2m3nip0fh9g6i.apps.googleusercontent.com", "secret": "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", "key": "", "sites": [2]}}, {"model": "socialaccount.socialapp", "pk": 2, "fields": {"provider": "github", "name": "Github SSO", "client_id": "84d22b8a7cfa50d58bb6", "secret": "c830c1a8efd14cd4b975e35daedbc3135274a958", "key": "", "sites": [2]}}, {"model": "socialaccount.socialaccount", "pk": 2, "fields": {"user": 13, "provider": "google", "uid": "103713811453616363460", "last_login": "2023-03-08T13:03:48.675Z", "date_joined": "2023-03-08T13:03:48.675Z", "extra_data": "{\"iss\": \"https://accounts.google.com\", \"azp\": \"109023553249-th6c0dft687hdbhp8mc2m3nip0fh9g6i.apps.googleusercontent.com\", \"aud\": \"109023553249-th6c0dft687hdbhp8mc2m3nip0fh9g6i.apps.googleusercontent.com\", \"sub\": \"103713811453616363460\", \"email\": \"questcoding2001@gmail.com\", \"email_verified\": true, \"at_hash\": \"umkomog_2xcBCKc8zA_3mQ\", \"name\": \"Quest Coding\", \"picture\": \"https://lh3.googleusercontent.com/a/AGNmyxYH6F0E7xvUYeRe7xF57R_D31JSaNbnFQVyKrE2=s96-c\", \"given_name\": \"Quest\", \"family_name\": \"Coding\", \"locale\": \"en\", \"iat\": 1678280495, \"exp\": 1678284095}"}}, {"model": "socialaccount.socialaccount", "pk": 3, "fields": {"user": 14, "provider": "github", "uid": "62145656", "last_login": "2023-03-08T20:18:17.305Z", "date_joined": "2023-03-08T13:59:31.450Z", "extra_data": "{\"login\": \"VicTorQuest\", \"id\": 62145656, \"node_id\": \"MDQ6VXNlcjYyMTQ1NjU2\", \"avatar_url\": \"https://avatars.githubusercontent.com/u/62145656?v=4\", \"gravatar_id\": \"\", \"url\": \"https://api.github.com/users/VicTorQuest\", \"html_url\": \"https://github.com/VicTorQuest\", \"followers_url\": \"https://api.github.com/users/VicTorQuest/followers\", \"following_url\": \"https://api.github.com/users/VicTorQuest/following{/other_user}\", \"gists_url\": \"https://api.github.com/users/VicTorQuest/gists{/gist_id}\", \"starred_url\": \"https://api.github.com/users/VicTorQuest/starred{/owner}{/repo}\", \"subscriptions_url\": \"https://api.github.com/users/VicTorQuest/subscriptions\", \"organizations_url\": \"https://api.github.com/users/VicTorQuest/orgs\", \"repos_url\": \"https://api.github.com/users/VicTorQuest/repos\", \"events_url\": \"https://api.github.com/users/VicTorQuest/events{/privacy}\", \"received_events_url\": \"https://api.github.com/users/VicTorQuest/received_events\", \"type\": \"User\", \"site_admin\": false, \"name\": \"Victor Okolie\", \"company\": null, \"blog\": \"https://victorokolie.com\", \"location\": null, \"email\": \"victorokolie001@gmail.com\", \"hireable\": null, \"bio\": \"Backend developer proficient in Python, Django, Django rest framework, and PostgreSQL looking forward to building and connecting with the community.\", \"twitter_username\": \"victorokolie_\", \"public_repos\": 2, \"public_gists\": 0, \"followers\": 1, \"following\": 4, \"created_at\": \"2020-03-13T14:17:20Z\", \"updated_at\": \"2023-02-25T09:55:53Z\", \"private_gists\": 0, \"total_private_repos\": 0, \"owned_private_repos\": 0, \"disk_usage\": 11452, \"collaborators\": 0, \"two_factor_authentication\": false, \"plan\": {\"name\": \"free\", \"space\": 976562499, \"collaborators\": 0, \"private_repos\": 10000}}"}}, {"model": "socialaccount.socialaccount", "pk": 4, "fields": {"user": 15, "provider": "google", "uid": "106440020740363776935", "last_login": "2023-03-08T20:19:11.503Z", "date_joined": "2023-03-08T20:19:11.503Z", "extra_data": "{\"iss\": \"https://accounts.google.com\", \"azp\": \"109023553249-th6c0dft687hdbhp8mc2m3nip0fh9g6i.apps.googleusercontent.com\", \"aud\": \"109023553249-th6c0dft687hdbhp8mc2m3nip0fh9g6i.apps.googleusercontent.com\", \"sub\": \"106440020740363776935\", \"email\": \"officialdacmanagement@gmail.com\", \"email_verified\": true, \"at_hash\": \"oiRm9uLEmkIkGhBFGQVIDw\", \"name\": \"Digital Asset Control\", \"picture\": \"https://lh3.googleusercontent.com/a/AGNmyxY1eSl7Qtnk31esPnxYUQG5V6bWhmdZyAvw32LK=s96-c\", \"given_name\": \"Digital Asset\", \"family_name\": \"Control\", \"locale\": \"en\", \"iat\": 1678306618, \"exp\": 1678310218}"}}, {"model": "socialaccount.socialtoken", "pk": 1, "fields": {"app": 2, "account": 3, "token": "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", "token_secret": "", "expires_at": null}}, {"model": "mainapp.user", "pk": 1, "fields": {"password": "pbkdf2_sha256$320000$QmALKSnVLAIvcTZn489fjL$4qzQpMtlntqAnuH8QLlaFuOiwmB1rOygXd2rkMehWbI=", "last_login": "2023-03-30T15:37:20.720Z", "is_superuser": true, "username": "Quest", "first_name": "Quest", "last_name": "Coding", "is_staff": true, "is_active": true, "date_joined": "2022-11-05T21:31:18Z", "email": "questcoding200@gmail.com", "avatar": "avatar/wp29146.jpg", "groups": [], "user_permissions": []}}, {"model": "mainapp.user", "pk": 13, "fields": {"password": "!XHVZ2NcEJh4V0IkdpF7ZBfgovEJjrzY6LveMzGFy", "last_login": "2023-03-08T13:03:49.319Z", "is_superuser": false, "username": "quest8", "first_name": "Quest", "last_name": "Coding", "is_staff": false, "is_active": true, "date_joined": "2023-03-08T13:03:48.541Z", "email": "questcoding2001@gmail.com", "avatar": "user-img.png", "groups": [], "user_permissions": []}}, {"model": "mainapp.user", "pk": 14, "fields": {"password": "!K5h6Cv3SSbOCmr5rWmnLceOwsqg8mGnwkaJ1gjUA", "last_login": "2023-03-08T20:18:17.877Z", "is_superuser": false, "username": "VicTorQuest", "first_name": "Victor", "last_name": "Okolie", "is_staff": false, "is_active": true, "date_joined": "2023-03-08T13:59:31.122Z", "email": "victorokolie001@gmail.com", "avatar": "user-img.png", "groups": [], "user_permissions": []}}, {"model": "mainapp.user", "pk": 15, "fields": {"password": "!apcM3RD87v5txcNTZ6OTKx7CGAueOYdnixF4B2JD", "last_login": "2023-03-08T20:19:11.981Z", "is_superuser": false, "username": "digital_asset", "first_name": "Digital Asset", "last_name": "Control", "is_staff": false, "is_active": true, "date_joined": "2023-03-08T20:19:11.354Z", "email": "officialdacmanagement@gmail.com", "avatar": "user-img.png", "groups": [], "user_permissions": []}}, {"model": "mainapp.user", "pk": 17, "fields": {"password": "pbkdf2_sha256$320000$HStWHXImcgr4M3dsPUpsBv$a28/ljFkKexDW+BHQ8+RXMiZmuKJRyyzXSACnUQSVpo=", "last_login": "2023-03-29T07:26:21Z", "is_superuser": false, "username": "mike01", "first_name": "", "last_name": "", "is_staff": false, "is_active": true, "date_joined": "2023-03-29T07:26:01Z", "email": "miller@gmail.com", "avatar": "user-img.png", "groups": [1], "user_permissions": []}}, {"model": "blog.category", "pk": 1, "fields": {"title": "Django", "slug": "django"}}, {"model": "blog.category", "pk": 2, "fields": {"title": "Python", "slug": "python"}}, {"model": "blog.category", "pk": 3, "fields": {"title": "Automation", "slug": "automation"}}, {"model": "blog.category", "pk": 4, "fields": {"title": "Javascript", "slug": "javascript"}}, {"model": "blog.category", "pk": 5, "fields": {"title": "Uncategorized", "slug": "uncategorized"}}, {"model": "blog.category", "pk": 6, "fields": {"title": "Python Bots", "slug": "python-bots"}}, {"model": "blog.category", "pk": 7, "fields": {"title": "Web3", "slug": "web3"}}, {"model": "blog.category", "pk": 8, "fields": {"title": "Postgresql", "slug": "postgresql"}}, {"model": "blog.category", "pk": 9, "fields": {"title": "Database", "slug": "database"}}, {"model": "blog.category", "pk": 10, "fields": {"title": "Hosting", "slug": "hosting"}}, {"model": "blog.category", "pk": 11, "fields": {"title": "Web Dev", "slug": "web-dev"}}, {"model": "blog.author", "pk": 1, "fields": {"user": 1, "name": "victor okolie", "bio": "Backend web developer, Software developer, and Owner of questcoding.blog website", "location": "Lagos, Nigeria", "portifolio": "https://victorokolie.com", "github": "https://github.com/VicTorQuest", "twitter": "https://twitter.com/victorokolie_", "linkedin": "https://www.linkedin.com/in/victor-okolie-a74623245", "youtube": "https://youtube.com/channel/UCYo8lxrYSZSOwQys2rsE4Ag", "avatar": "profile_pics/me.webp", "slug": "victor-okolie"}}, {"model": "blog.post", "pk": 1, "fields": {"author": 1, "title": "Top alternatives of herokuapp free web hosting", "slug": "top-alternatives-of-herokuapp-free-web-hosting", "intro": "As of November 28, 2022, Heroku will discontinue free product plans offers as well as free dynos and data services. In this article, I'll be talking about various alternatives for hosting your webapps, projects for free", "post_img": "default.png", "content": "<p><span style=\"font-size:28px\">1. Railway</span></p>\r\n\r\n<p><span style=\"font-size:28px\">2. Netlify</span></p>", "created_at": "2022-11-06T11:54:59.319Z", "last_modified": "2022-12-02T08:11:51.834Z", "status": "active", "category": [10, 11], "likes": [1], "dislikes": []}}, {"model": "blog.post", "pk": 2, "fields": {"author": 1, "title": "How to host your django media files in production  with AWS S3 Bucket", "slug": "how-to-host-your-django-media-files-in-production", "intro": "Django is a powerful backend framework for web development, sadly it doesn't support image hosing during production. In this blog, post, i will demonstrate how you can host user uploaded images on aws using the S3 Bucket", "post_img": "default.png", "content": "<h2>1. You need to create an account on aws</h2>", "created_at": "2022-11-06T14:36:39.329Z", "last_modified": "2022-12-02T08:11:41.870Z", "status": "active", "category": [1, 10, 2], "likes": [1], "dislikes": []}}, {"model": "blog.post", "pk": 3, "fields": {"author": 1, "title": "HTTP status codes/messages and what they signify", "slug": "http-status-codesmessages-and-what-they-signify", "intro": "Hello there! In this blog post, I'll be listing out the web's HTTP status codes and explaining what they actually mean", "post_img": "default.png", "content": "<p>HTTP status codes are three-digit responses from the server to the browser-side request.</p>", "created_at": "2022-11-06T16:05:29.007Z", "last_modified": "2022-12-02T08:11:36.002Z", "status": "active", "category": [11], "likes": [1], "dislikes": []}}, {"model": "blog.post", "pk": 4, "fields": {"author": 1, "title": "how to connect cpanel webmail to gmail", "slug": "how-to-connect-cpanel-webmail-to-gmail", "intro": "imagine getting and sending your webmail but using your Gmail. In this tutorial, I'll demonstrate how you can connect your Cpanel webmail to your Gmail account", "post_img": "default.png", "content": "<p>full tutorial</p>", "created_at": "2023-01-23T02:07:19.132Z", "last_modified": "2023-01-23T02:07:19.132Z", "status": "active", "category": [10, 11], "likes": [], "dislikes": []}}, {"model": "blog.post", "pk": 5, "fields": {"author": 1, "title": "How to create sitemaps for your django website and submit to google", "slug": "how-to-create-sitemaps-for-your-django-website-and", "intro": "when putting your website out there, SEO is one key factor to cover so the platform can pop up on google search when users lookup specific queries, here's how you can create and submit your sitemaps for your Django website", "post_img": "default.png", "content": "<p>full tutorial</p>", "created_at": "2023-01-23T02:14:07.535Z", "last_modified": "2023-01-23T02:14:07.535Z", "status": "active", "category": [1, 11], "likes": [1], "dislikes": []}}, {"model": "blog.featuredpost", "pk": 1, "fields": {"post": 3, "github_link": "https://github.com/redianmarku/tweeter-email-scraper", "youtube_link": "https://youtube.com/hey"}}, {"model": "blog.featuredpost", "pk": 2, "fields": {"post": 2, "github_link": "https://www.youtube.com/watch?v=my3Fbuho2zw", "youtube_link": "https://github.com/redianmarku/tweeter-email-scraper"}}, {"model": "blog.featuredpost", "pk": 3, "fields": {"post": 1, "github_link": "https://www.youtube.com/watch?v=my3Fbuho2zw", "youtube_link": "https://github.com/redianmarku/tweeter-email-scraper"}}, {"model": "blog.featuredpost", "pk": 4, "fields": {"post": 5, "github_link": "https://www.youtube.com/watch?v=my3Fbuho2zw", "youtube_link": "https://github.com/redianmarku/tweeter-email-scraper"}}, {"model": "blog.featuredpost", "pk": 5, "fields": {"post": 4, "github_link": "https://www.youtube.com/watch?v=my3Fbuho2zw", "youtube_link": "https://github.com/redianmarku/tweeter-email-scraper"}}, {"model": "blog.comment", "pk": 1, "fields": {"post": 2, "user": null, "name": "stephen miles", "email": "stephmiles22@gmail.com", "body": "Thanks for sharing bro, debug=False is like a whole different system on it's own", "created_at": "2022-11-06T17:58:05.695Z", "parent": null}}, {"model": "blog.comment", "pk": 2, "fields": {"post": 2, "user": null, "name": "kenny martin", "email": "ken20mart@gmail.com", "body": "or you could use nginx :-|", "created_at": "2022-11-06T18:17:04.426Z", "parent": null}}, {"model": "blog.comment", "pk": 3, "fields": {"post": 2, "user": 1, "name": "Victor Okolie", "email": "questcoding2001@gmail.com", "body": "ikr 😂", "created_at": "2022-11-06T18:37:01.299Z", "parent": 1}}, {"model": "blog.comment", "pk": 26, "fields": {"post": 3, "user": 1, "name": "kent", "email": "questcoding2001@gmail.com", "body": "nice", "created_at": "2022-11-24T00:00:02.394Z", "parent": null}}, {"model": "blog.comment", "pk": 27, "fields": {"post": 3, "user": 1, "name": "victor okolie", "email": "questcoding200@gmail.com", "body": "heyy", "created_at": "2023-03-11T11:38:52.957Z", "parent": null}}, {"model": "blog.comment", "pk": 28, "fields": {"post": 2, "user": 1, "name": "mally raw", "email": "questcoding200@gmail.com", "body": "True", "created_at": "2023-03-31T14:59:14.043Z", "parent": 1}}, {"model": "newsletter.subscriber", "pk": 26, "fields": {"email": "victorokolie2001@gmail.com", "first_name": "victor", "last_name": "okolie", "slug": "oS68OIgyan1vGy6kXcLmA9PBhT4huU", "subscribed_on": "2023-01-23T16:57:28.087Z"}}, {"model": "newsletter.subscriber", "pk": 27, "fields": {"email": "victorokolie001@gmail.com", "first_name": "victor", "last_name": "vyktor", "slug": "xBlzO2dUGViAQy64AbixYEpASfimWf", "subscribed_on": "2023-01-23T17:03:42.003Z"}}, {"model": "newsletter.subscriber", "pk": 29, "fields": {"email": "questcoding2001@gmail.com", "first_name": "victor", "last_name": "okolie", "slug": "VYlGda1wPpxmWb6LpDb42gRRzfY8Tu", "subscribed_on": "2023-03-03T08:54:08.221Z"}}, {"model": "newsletter.mailmessage", "pk": 1, "fields": {"title": "Learn how use react with django", "content_image_link": "https://miro.medium.com/max/1400/1*_Z6FeKbn24rqg03DFUie6A.png", "message": "In this article, You'll be learning how to use react with Django to build amazing projects", "content_link": "http://127.0.0.1:8000/how-to-host-your-django-media-files-in-production/", "link_subject": "Read article", "send_news_letter": "no", "Created": "2022-11-19T09:50:51.539Z"}}, {"model": "newsletter.unsubscribedemail", "pk": 2, "fields": {"email": "questcoding2001@gmail.com", "reason": "I no longer want to receive this email", "date": "2023-03-03T08:43:29.610Z"}}, {"model": "store.customer", "pk": 1, "fields": {"user": 1, "name": "victor okolie", "email": "victorokolie2001@gmail.com", "phone_number": "+2349074562512"}}, {"model": "store.customer", "pk": 5, "fields": {"user": 13, "name": null, "email": null, "phone_number": null}}, {"model": "store.customer", "pk": 6, "fields": {"user": 14, "name": null, "email": null, "phone_number": null}}, {"model": "store.customer", "pk": 7, "fields": {"user": 15, "name": null, "email": null, "phone_number": null}}, {"model": "store.customer", "pk": 8, "fields": {"user": 17, "name": null, "email": null, "phone_number": null}}, {"model": "store.product", "pk": 5, "fields": {"name": "Snapchat bot", "price": "48.00", "file": "files/it_report_edited.docx", "image": "product_images/mqdefault.jpg", "digital": true, "rating": "5.0", "combined_ratings": "10.0", "total_ratings": 2, "rated_by": [1]}}, {"model": "store.product", "pk": 6, "fields": {"name": "Telegram bot", "price": "59.50", "file": "files/assignment_new3.pdf", "image": "product_images/slide-img1.jpg", "digital": true, "rating": "3.0", "combined_ratings": "9.0", "total_ratings": 3, "rated_by": [1]}}, {"model": "store.product", "pk": 7, "fields": {"name": "spider miles morales", "price": "40.56", "file": "files/1.mp3", "image": "product_images/4k-miles-morales-no-1366x768.jpg", "digital": true, "rating": "0.0", "combined_ratings": "0.0", "total_ratings": 0, "rated_by": []}}, {"model": "store.review", "pk": 16, "fields": {"product": 6, "user": 1, "review": "I've been using the Snapchat bot software for a few weeks now and I have to say, it really lives up to the hype. It's so easy to use and makes my life so much easier. I'm able'to schedule my snaps ahead of time and I don't have to worry about forgett", "rating": "5.0", "date": "2023-02-25T14:17:03.522Z"}}, {"model": "store.review", "pk": 18, "fields": {"product": 5, "user": 1, "review": "I've been using Snapchat Bot Software for a few weeks now and I have to say it's everything it's cracked up to be and more! The software is so easy to use and the customer service is top-notch. I highly recommend this software to anyone looking to au", "rating": "5.0", "date": "2023-02-25T14:30:36.445Z"}}, {"model": "store.order", "pk": 35, "fields": {"customer": 1, "date_ordered": "2023-03-30T16:25:30.594Z", "completed": true, "order_id": "38839a28481d0440964ab464e6045a7f3a82", "transaction_id": "47846057CY2343705"}}, {"model": "store.order", "pk": 36, "fields": {"customer": 1, "date_ordered": "2023-03-30T17:20:38.633Z", "completed": false, "order_id": "a8eca22e860e084af9884288f135ba990159", "transaction_id": null}}, {"model": "store.orderitem", "pk": 51, "fields": {"product": 6, "order": null, "quantity": 1, "date_added": "2023-03-06T00:02:11.445Z"}}, {"model": "store.orderitem", "pk": 52, "fields": {"product": 7, "order": null, "quantity": 1, "date_added": "2023-03-06T09:30:19.507Z"}}, {"model": "store.orderitem", "pk": 53, "fields": {"product": 5, "order": null, "quantity": 1, "date_added": "2023-03-06T10:01:11.212Z"}}, {"model": "store.orderitem", "pk": 54, "fields": {"product": 6, "order": null, "quantity": 1, "date_added": "2023-03-08T20:02:55.187Z"}}, {"model": "store.orderitem", "pk": 56, "fields": {"product": 5, "order": 35, "quantity": 1, "date_added": "2023-03-30T17:17:38.436Z"}}, {"model": "store.billingaddress", "pk": 1, "fields": {"customer": 1, "order": null, "address": "8 richard agbawi", "country": "NG", "state": "lagos", "city": "ojo", "zipcode": "402101", "date_added": "2023-03-08T11:04:46.118Z"}}, {"model": "store.billingaddress", "pk": 5, "fields": {"customer": 5, "order": null, "address": null, "country": null, "state": null, "city": null, "zipcode": null, "date_added": "2023-03-08T13:12:04.425Z"}}, {"model": "store.billingaddress", "pk": 6, "fields": {"customer": 6, "order": null, "address": null, "country": null, "state": null, "city": null, "zipcode": null, "date_added": "2023-03-08T14:03:00.705Z"}}, {"model": "store.billingaddress", "pk": 26, "fields": {"customer": 1, "order": null, "address": "No 8 Richard Agbawi Street okoko", "country": "NG", "state": "lagos", "city": "ojo", "zipcode": "402101", "date_added": "2023-03-05T21:52:15.636Z"}}, {"model": "store.billingaddress", "pk": 27, "fields": {"customer": 1, "order": null, "address": "No 8 Richard Agbawi Street okoko", "country": "NG", "state": "lagos", "city": "ojo", "zipcode": "402101", "date_added": "2023-03-05T21:54:30.062Z"}}, {"model": "store.billingaddress", "pk": 28, "fields": {"customer": 1, "order": null, "address": "No 8 Richard Agbawi Street okoko", "country": "NG", "state": "lagos", "city": "ojo", "zipcode": "402101", "date_added": "2023-03-05T22:02:55.602Z"}}, {"model": "store.billingaddress", "pk": 29, "fields": {"customer": 6, "order": null, "address": "No 8 Richard Agbawi Street okoko", "country": "NG", "state": "lagos", "city": "ojo", "zipcode": "402101", "date_added": "2023-03-08T20:05:05.738Z"}}, {"model": "store.billingaddress", "pk": 30, "fields": {"customer": 1, "order": null, "address": "No 8 Richard Agbawi Street okoko", "country": "NG", "state": "lagos", "city": "ojo", "zipcode": "402101", "date_added": "2023-03-08T20:30:31.601Z"}}, {"model": "store.billingaddress", "pk": 31, "fields": {"customer": 1, "order": 35, "address": "No 8 Richard Agbawi Street okoko", "country": "NG", "state": "lagos", "city": "ojo", "zipcode": "402101", "date_added": "2023-03-30T17:20:19.824Z"}}, {"model": "store.refund", "pk": 22, "fields": {"user": 1, "order_id": "cf0c3fec85740847c38bcdf836fc25da4ceb", "status": "Accepted", "date": "2022-11-23T23:36:23.400Z", "items": []}}, {"model": "authtoken.token", "pk": "14fe4a74b7f32ea6217800246b4f415279bab2bd", "fields": {"user": 1, "created": "2023-03-27T23:15:36.711Z"}}, {"model": "authtoken.token", "pk": "1e051a6143c144500b8fe448c14b5e781fa4c8f2", "fields": {"user": 17, "created": "2023-03-29T07:27:28.352Z"}}, {"model": "hitcount.hitcount", "pk": 1, "fields": {"hits": 5, "modified": "2023-03-31T15:18:50.167Z", "content_type": 16, "object_pk": 1}}, {"model": "hitcount.hitcount", "pk": 2, "fields": {"hits": 12, "modified": "2023-03-27T21:20:57.362Z", "content_type": 16, "object_pk": 2}}, {"model": "hitcount.hitcount", "pk": 3, "fields": {"hits": 8, "modified": "2023-04-01T10:18:00.324Z", "content_type": 16, "object_pk": 3}}, {"model": "hitcount.hitcount", "pk": 4, "fields": {"hits": 5, "modified": "2023-03-29T17:45:58.090Z", "content_type": 16, "object_pk": 5}}, {"model": "hitcount.hitcount", "pk": 5, "fields": {"hits": 2, "modified": "2023-04-03T20:46:44.099Z", "content_type": 16, "object_pk": 4}}, {"model": "hitcount.hit", "pk": 1, "fields": {"created": "2022-11-06T13:33:14.589Z", "ip": "127.0.0.1", "session": "e668g4qpma7luk0iguo0ux9casnig3w3", "user_agent": "Mozilla/5.0 (Windows NT 10.0; Win64; x64) AppleWebKit/537.36 (KHTML, like Gecko) Chrome/107.0.0.0 Safari/537.36", "user": 1, "hitcount": 1}}, {"model": "hitcount.hit", "pk": 2, "fields": {"created": "2022-11-06T14:53:51.444Z", "ip": "127.0.0.1", "session": "e668g4qpma7luk0iguo0ux9casnig3w3", "user_agent": "Mozilla/5.0 (Windows NT 10.0; Win64; x64) AppleWebKit/537.36 (KHTML, like Gecko) Chrome/107.0.0.0 Safari/537.36", "user": 1, "hitcount": 2}}, {"model": "hitcount.hit", "pk": 3, "fields": {"created": "2022-11-06T16:45:18.080Z", "ip": "127.0.0.1", "session": "e668g4qpma7luk0iguo0ux9casnig3w3", "user_agent": "Mozilla/5.0 (Windows NT 10.0; Win64; x64) AppleWebKit/537.36 (KHTML, like Gecko) Chrome/107.0.0.0 Safari/537.36", "user": 1, "hitcount": 3}}, {"model": "hitcount.hit", "pk": 4, "fields": {"created": "2022-11-06T18:13:56.229Z", "ip": "127.0.0.1", "session": "muoibxaoix2b39r2a11gd9hk09e34ypa", "user_agent": "Mozilla/5.0 (Windows NT 10.0; Win64; x64) AppleWebKit/537.36 (KHTML, like Gecko) Chrome/107.0.0.0 Safari/537.36", "user": null, "hitcount": 2}}, {"model": "hitcount.hit", "pk": 5, "fields": {"created": "2022-11-06T18:23:42.631Z", "ip": "127.0.0.1", "session": "6u5f8jevexfp01911jhh5irmw4moyshb", "user_agent": "Mozilla/5.0 (Windows NT 10.0; Win64; x64) AppleWebKit/537.36 (KHTML, like Gecko) Chrome/107.0.0.0 Safari/537.36", "user": null, "hitcount": 2}}, {"model": "hitcount.hit", "pk": 6, "fields": {"created": "2022-11-06T23:08:28.473Z", "ip": "127.0.0.1", "session": "61ub6ywuevmetmu6ngxllmz0svfeju69", "user_agent": "Mozilla/5.0 (Windows NT 10.0; Win64; x64) AppleWebKit/537.36 (KHTML, like Gecko) Chrome/107.0.0.0 Safari/537.36", "user": null, "hitcount": 3}}, {"model": "hitcount.hit", "pk": 7, "fields": {"created": "2022-11-07T19:08:26.147Z", "ip": "127.0.0.1", "session": "61ub6ywuevmetmu6ngxllmz0svfeju69", "user_agent": "Mozilla/5.0 (Windows NT 10.0; Win64; x64) AppleWebKit/537.36 (KHTML, like Gecko) Chrome/107.0.0.0 Safari/537.36", "user": null, "hitcount": 2}}, {"model": "hitcount.hit", "pk": 8, "fields": {"created": "2022-11-19T09:46:52.878Z", "ip": "127.0.0.1", "session": "uweyfzv1ptu90gdrrxrgrk4praw6jszp", "user_agent": "Mozilla/5.0 (Windows NT 10.0; Win64; x64) AppleWebKit/537.36 (KHTML, like Gecko) Chrome/107.0.0.0 Safari/537.36", "user": 1, "hitcount": 2}}, {"model": "hitcount.hit", "pk": 9, "fields": {"created": "2022-11-22T22:53:02.089Z", "ip": "127.0.0.1", "session": "rm9p10p2n0xm0fg259tliygm22inpy92", "user_agent": "Mozilla/5.0 (Windows NT 10.0; Win64; x64) AppleWebKit/537.36 (KHTML, like Gecko) Chrome/107.0.0.0 Safari/537.36", "user": 1, "hitcount": 3}}, {"model": "hitcount.hit", "pk": 10, "fields": {"created": "2022-11-23T21:36:32.139Z", "ip": "127.0.0.1", "session": "rm9p10p2n0xm0fg259tliygm22inpy92", "user_agent": "Mozilla/5.0 (Windows NT 10.0; Win64; x64) AppleWebKit/537.36 (KHTML, like Gecko) Chrome/107.0.0.0 Safari/537.36", "user": 1, "hitcount": 1}}, {"model": "hitcount.hit", "pk": 11, "fields": {"created": "2022-12-01T23:23:15.558Z", "ip": "127.0.0.1", "session": "rm9p10p2n0xm0fg259tliygm22inpy92", "user_agent": "Mozilla/5.0 (Windows NT 10.0; Win64; x64) AppleWebKit/537.36 (KHTML, like Gecko) Chrome/107.0.0.0 Safari/537.36", "user": 1, "hitcount": 3}}, {"model": "hitcount.hit", "pk": 12, "fields": {"created": "2022-12-06T00:38:06.419Z", "ip": "127.0.0.1", "session": "lq3ynyuplcdib8w8kzn7gc1kkdjzvrsi", "user_agent": "Mozilla/5.0 (Windows NT 10.0; Win64; x64) AppleWebKit/537.36 (KHTML, like Gecko) Chrome/107.0.0.0 Safari/537.36", "user": 1, "hitcount": 2}}, {"model": "hitcount.hit", "pk": 13, "fields": {"created": "2023-01-23T00:21:26.501Z", "ip": "127.0.0.1", "session": "gmxt992bcbl65cpwdwz4paq4jb80vi2w", "user_agent": "Mozilla/5.0 (Linux; Android 7.0; SM-G950U Build/NRD90M) AppleWebKit/537.36 (KHTML, like Gecko) Chrome/62.0.3202.84 Mobile Safari/537.36", "user": null, "hitcount": 3}}, {"model": "hitcount.hit", "pk": 14, "fields": {"created": "2023-01-23T16:52:23.040Z", "ip": "127.0.0.1", "session": "loibz8qy5utgfakxorqzw0enq2jipvoi", "user_agent": "Mozilla/5.0 (Windows NT 10.0; Win64; x64) AppleWebKit/537.36 (KHTML, like Gecko) Chrome/109.0.0.0 Safari/537.36", "user": 1, "hitcount": 2}}, {"model": "hitcount.hit", "pk": 15, "fields": {"created": "2023-01-23T17:15:02.884Z", "ip": "127.0.0.1", "session": "loibz8qy5utgfakxorqzw0enq2jipvoi", "user_agent": "Mozilla/5.0 (Windows NT 10.0; Win64; x64) AppleWebKit/537.36 (KHTML, like Gecko) Chrome/109.0.0.0 Safari/537.36", "user": 1, "hitcount": 1}}, {"model": "hitcount.hit", "pk": 16, "fields": {"created": "2023-01-23T22:11:03.138Z", "ip": "127.0.0.1", "session": "loibz8qy5utgfakxorqzw0enq2jipvoi", "user_agent": "Mozilla/5.0 (iPhone; CPU iPhone OS 13_2_3 like Mac OS X) AppleWebKit/605.1.15 (KHTML, like Gecko) Version/13.0.3 Mobile/15E148 Safari/604.1", "user": 1, "hitcount": 3}}, {"model": "hitcount.hit", "pk": 17, "fields": {"created": "2023-01-24T01:17:09.180Z", "ip": "127.0.0.1", "session": "loibz8qy5utgfakxorqzw0enq2jipvoi", "user_agent": "Mozilla/5.0 (Windows NT 10.0; Win64; x64) AppleWebKit/537.36 (KHTML, like Gecko) Chrome/109.0.0.0 Safari/537.36", "user": 1, "hitcount": 4}}, {"model": "hitcount.hit", "pk": 18, "fields": {"created": "2023-02-23T10:40:58.236Z", "ip": "127.0.0.1", "session": "ushe40g0z8cjh77i2ozw6a62csganx2t", "user_agent": "Mozilla/5.0 (Windows NT 10.0; Win64; x64) AppleWebKit/537.36 (KHTML, like Gecko) Chrome/110.0.0.0 Safari/537.36", "user": null, "hitcount": 2}}, {"model": "hitcount.hit", "pk": 19, "fields": {"created": "2023-02-25T15:42:17.139Z", "ip": "127.0.0.1", "session": "en7sxhayb1xz2ylnc7m69ibfwpj2gwbg", "user_agent": "Mozilla/5.0 (Windows NT 10.0; Win64; x64) AppleWebKit/537.36 (KHTML, like Gecko) Chrome/110.0.0.0 Safari/537.36", "user": null, "hitcount": 4}}, {"model": "hitcount.hit", "pk": 20, "fields": {"created": "2023-03-02T16:33:37.117Z", "ip": "127.0.0.1", "session": "w8z2hnnye4reef3wf8h0r0s0q34knhms", "user_agent": "Mozilla/5.0 (Windows NT 10.0; Win64; x64) AppleWebKit/537.36 (KHTML, like Gecko) Chrome/110.0.0.0 Safari/537.36", "user": 1, "hitcount": 2}}, {"model": "hitcount.hit", "pk": 21, "fields": {"created": "2023-03-02T17:05:58.291Z", "ip": "127.0.0.1", "session": "w8z2hnnye4reef3wf8h0r0s0q34knhms", "user_agent": "Mozilla/5.0 (Windows NT 10.0; Win64; x64) AppleWebKit/537.36 (KHTML, like Gecko) Chrome/110.0.0.0 Safari/537.36", "user": 1, "hitcount": 4}}, {"model": "hitcount.hit", "pk": 22, "fields": {"created": "2023-03-06T20:39:41.841Z", "ip": "127.0.0.1", "session": "see2ih2b4wx23clez6atikf9hxuk9svp", "user_agent": "Mozilla/5.0 (iPad; CPU OS 11_0 like Mac OS X) AppleWebKit/604.1.34 (KHTML, like Gecko) Version/11.0 Mobile/15A5341f Safari/604.1", "user": 1, "hitcount": 1}}, {"model": "hitcount.hit", "pk": 23, "fields": {"created": "2023-03-06T21:06:35.156Z", "ip": "127.0.0.1", "session": "see2ih2b4wx23clez6atikf9hxuk9svp", "user_agent": "Mozilla/5.0 (iPad; CPU OS 11_0 like Mac OS X) AppleWebKit/604.1.34 (KHTML, like Gecko) Version/11.0 Mobile/15A5341f Safari/604.1", "user": 1, "hitcount": 5}}, {"model": "hitcount.hit", "pk": 24, "fields": {"created": "2023-03-11T11:32:08.003Z", "ip": "127.0.0.1", "session": "3qo6za4wyd6yxonc8ggln740s4i7fb9m", "user_agent": "Mozilla/5.0 (Windows NT 10.0; Win64; x64) AppleWebKit/537.36 (KHTML, like Gecko) Chrome/111.0.0.0 Safari/537.36", "user": 1, "hitcount": 3}}, {"model": "hitcount.hit", "pk": 25, "fields": {"created": "2023-03-11T12:20:58.891Z", "ip": "127.0.0.1", "session": "3qo6za4wyd6yxonc8ggln740s4i7fb9m", "user_agent": "Mozilla/5.0 (Windows NT 10.0; Win64; x64) AppleWebKit/537.36 (KHTML, like Gecko) Chrome/111.0.0.0 Safari/537.36", "user": 1, "hitcount": 2}}, {"model": "hitcount.hit", "pk": 26, "fields": {"created": "2023-03-12T19:22:04.907Z", "ip": "127.0.0.1", "session": "d9dmu42hp4zz1ke38syyfpqnfovtfmio", "user_agent": "Mozilla/5.0 (Windows NT 10.0; Win64; x64) AppleWebKit/537.36 (KHTML, like Gecko) Chrome/111.0.0.0 Safari/537.36", "user": null, "hitcount": 4}}, {"model": "hitcount.hit", "pk": 27, "fields": {"created": "2023-03-27T21:12:11.968Z", "ip": "127.0.0.1", "session": "kkrje66h70nss2epmhck1pjfpwvacyhy", "user_agent": "Mozilla/5.0 (Windows NT 10.0; Win64; x64) AppleWebKit/537.36 (KHTML, like Gecko) Chrome/111.0.0.0 Safari/537.36", "user": null, "hitcount": 2}}, {"model": "hitcount.hit", "pk": 28, "fields": {"created": "2023-03-27T21:20:57.604Z", "ip": "127.0.0.1", "session": "2iawzakysiavadupcoa7ck9nwx58ov7x", "user_agent": "Mozilla/5.0 (Windows NT 10.0; Win64; x64) AppleWebKit/537.36 (KHTML, like Gecko) Chrome/111.0.0.0 Safari/537.36", "user": 1, "hitcount": 2}}, {"model": "hitcount.hit", "pk": 29, "fields": {"created": "2023-03-29T17:45:58.350Z", "ip": "127.0.0.1", "session": "nt4j9s8b65d7cxz5v6t33ezrah7nivi9", "user_agent": "Mozilla/5.0 (Windows NT 10.0; Win64; x64) AppleWebKit/537.36 (KHTML, like Gecko) Chrome/111.0.0.0 Safari/537.36", "user": 1, "hitcount": 4}}, {"model": "hitcount.hit", "pk": 30, "fields": {"created": "2023-03-31T15:18:50.293Z", "ip": "127.0.0.1", "session": "thar19g1z0fpvs12jhrfkpd7izdawxuj", "user_agent": "Mozilla/5.0 (Windows NT 10.0; Win64; x64) AppleWebKit/537.36 (KHTML, like Gecko) Chrome/111.0.0.0 Safari/537.36", "user": 1, "hitcount": 1}}, {"model": "hitcount.hit", "pk": 31, "fields": {"created": "2023-04-01T10:18:00.601Z", "ip": "127.0.0.1", "session": "thar19g1z0fpvs12jhrfkpd7izdawxuj", "user_agent": "Mozilla/5.0 (Windows NT 10.0; Win64; x64) AppleWebKit/537.36 (KHTML, like Gecko) Chrome/111.0.0.0 Safari/537.36", "user": 1, "hitcount": 3}}, {"model": "hitcount.hit", "pk": 32, "fields": {"created": "2023-04-03T20:46:44.446Z", "ip": "127.0.0.1", "session": "thar19g1z0fpvs12jhrfkpd7izdawxuj", "user_agent": "Mozilla/5.0 (Windows NT 10.0; Win64; x64) AppleWebKit/537.36 (KHTML, like Gecko) Chrome/111.0.0.0 Safari/537.36", "user": 1, "hitcount": 5}}]